TGL,DATE,TIME,pH,DO,COND,TURB,TEMP,NH4,BOD,TSS,COD,NO3
1/1/2022 3:00,1/1/2022,3:00,7.76,0.01,0.3,133.9,27.4,0.12,33.56,129.17,139.42,4.26
1/1/2022 4:00,1/1/2022,4:00,7.76,0.01,0.3,116.5,27.2,0.12,32.63,105.4,135.6,4.12
1/1/2022 5:00,1/1/2022,5:00,7.76,0,0.3,111.1,27.1,0.12,33.32,101.89,138.42,3.57
1/1/2022 6:00,1/1/2022,6:00,7.76,0.01,0.3,92.3,26.9,0.11,32.39,89.78,134.6,2.91
1/1/2022 7:00,1/1/2022,7:00,7.76,0,0.3,83.9,27,0.12,34.42,78.21,142.94,3.27
1/1/2022 8:00,1/1/2022,8:00,7.78,0,0.3,78.2,27.3,0.13,36.3,66.22,150.63,3.82
1/1/2022 9:00,1/1/2022,9:00,7.71,0,0.3,88.6,26.3,0.11,29.36,58.5,122.2,3.15
1/1/2022 10:00,1/1/2022,10:00,7.73,0,0.2,67.2,26.2,0.13,26.46,41.94,110.33,3.33
1/1/2022 11:00,1/1/2022,11:00,7.7,0,0.2,58.4,26.3,0.14,24.55,26.11,102.51,3.22
1/1/2022 12:00,1/1/2022,12:00,7.71,0,0.2,59.5,26.5,0.14,25.3,23.8,105.61,3.34
1/1/2022 13:00,1/1/2022,13:00,7.72,0,0.2,56.5,26.8,0.14,25,25.14,104.38,3.44
1/1/2022 14:00,1/1/2022,14:00,7.7,0,0.2,53.7,27.1,0.13,24.37,21.34,101.79,3.42
1/1/2022 15:00,1/1/2022,15:00,7.7,0,0.2,51.9,27.5,0.13,23.91,19.67,99.9,3.47
1/1/2022 16:00,1/1/2022,16:00,7.67,0,0.2,51.2,27.8,0.13,23.78,18.01,99.38,3.34
1/1/2022 17:00,1/1/2022,17:00,7.66,0,0.2,49.8,28.1,0.14,23.61,17.94,98.68,3.31
1/1/2022 18:00,1/1/2022,18:00,7.66,0,0.2,49.8,28.2,0.15,23.49,17.21,98.2,3.32
1/1/2022 19:00,1/1/2022,19:00,7.65,0,0.2,48.3,28.3,0.16,20.37,11.2,85.4,3.35
1/1/2022 20:00,1/1/2022,20:00,7.64,0,0.2,47.4,28.3,0.16,19.43,8.15,81.56,3.41
1/1/2022 21:00,1/1/2022,21:00,7.63,0,0.2,46.9,28.1,0.17,19.26,6.08,80.88,3.45
1/1/2022 22:00,1/1/2022,22:00,7.62,0,0.2,46.6,27.9,0.17,19.07,3.33,80.09,3.52
1/1/2022 23:00,1/1/2022,23:00,7.62,0,0.2,46.3,27.6,0.18,18.88,3.72,79.33,3.6
1/2/2022 0:00,1/2/2022,0:00,7.63,0,0.2,45.5,27.4,0.18,18.8,1.71,78.97,3.65
1/2/2022 1:00,1/2/2022,1:00,7.65,0,0.2,45.1,27,0.18,18.71,1.25,78.63,3.7
1/2/2022 2:00,1/2/2022,2:00,7.61,0,0.2,45,26.7,0.18,18.66,0.8,78.43,3.79
1/2/2022 3:00,1/2/2022,3:00,7.6,0,0.2,45.2,26.3,0.19,18.6,0.3,78.17,3.8
1/2/2022 4:00,1/2/2022,4:00,7.6,0,0.2,44.7,26,0.19,18.53,0.26,77.89,3.89
1/2/2022 5:00,1/2/2022,5:00,7.61,0,0.2,44.9,25.6,0.19,18.61,0,78.19,3.91
1/2/2022 6:00,1/2/2022,6:00,7.6,0,0.2,45.1,25.2,0.19,18.57,0.32,78.06,3.98
1/2/2022 7:00,1/2/2022,7:00,7.61,0,0.2,44.8,24.9,0.19,18.49,1.1,77.73,4.01
1/2/2022 8:00,1/2/2022,8:00,7.63,0,0.2,45.4,24.7,0.2,18.48,0,77.68,4.02
1/2/2022 9:00,1/2/2022,9:00,7.62,0,0.2,45.2,24.7,0.19,18.47,0,77.62,4.13
1/2/2022 10:00,1/2/2022,10:00,7.62,0,0.2,44.6,24.8,0.2,18.57,1.12,78.04,4.15
1/2/2022 11:00,1/2/2022,11:00,8.53,2.47,0.3,10.4,26.6,0.02,0,75.14,0,7.47
1/2/2022 12:00,1/2/2022,12:00,7.84,0.07,0.4,29.3,30.8,0.2,41.28,29.19,171.02,4.92
1/2/2022 13:00,1/2/2022,13:00,7.87,0.01,0.4,41,31.6,0.22,44.34,50.26,183.55,5.17
1/2/2022 14:00,1/2/2022,14:00,7.85,0.03,0.4,26.2,32,0.22,44.74,21.21,185.16,5.22
1/2/2022 15:00,1/2/2022,15:00,7.84,0.02,0.4,21,31.6,0.2,42.07,16.28,174.26,4.86
1/2/2022 16:00,1/2/2022,16:00,7.82,0.02,0.4,19,31.7,0.25,47.39,15.3,196.04,4.94
1/2/2022 17:00,1/2/2022,17:00,7.8,0.02,0.3,33.5,29.8,0.18,31.32,33.77,130.25,4.3
1/2/2022 18:00,1/2/2022,18:00,7.6,0.02,0.3,40.6,29.3,0.11,31.9,43.9,132.61,3.79
1/2/2022 19:00,1/2/2022,19:00,7.56,0.04,0.3,40.5,29.1,0.08,33.2,43.06,137.93,3.89
1/2/2022 20:00,1/2/2022,20:00,7.63,0.01,0.3,44.8,29.4,0.15,38.85,50.81,161.05,4.96
1/2/2022 21:00,1/2/2022,21:00,7.7,0.01,0.3,44.4,29.5,0.17,40.25,49.75,166.78,4.85
1/2/2022 22:00,1/2/2022,22:00,7.74,0.01,0.4,52.2,29.6,0.22,46.91,69.43,194.05,5.13
1/2/2022 23:00,1/2/2022,23:00,7.75,0.02,0.4,43.4,29.6,0.21,44.9,43.18,185.86,5.08
1/3/2022 0:00,1/3/2022,0:00,7.76,0.03,0.4,34.7,29.6,0.21,46.19,34.65,191.14,4.94
1/3/2022 1:00,1/3/2022,1:00,7.8,0.02,0.4,29.4,30,0.25,52.09,25.94,215.28,5.24
1/3/2022 2:00,1/3/2022,2:00,7.8,0.05,0.4,24.5,30.1,0.24,51.83,16.56,214.21,5.22
1/3/2022 3:00,1/3/2022,3:00,7.79,0.06,0.4,23.3,29.9,0.23,49.08,13.57,202.93,5.26
1/3/2022 4:00,1/3/2022,4:00,7.8,0.06,0.4,22.5,29.8,0.24,49.5,14.13,204.68,5.49
1/3/2022 5:00,1/3/2022,5:00,7.8,0.1,0.4,21.2,29.7,0.24,49.91,10.98,206.36,5.73
1/3/2022 6:00,1/3/2022,6:00,7.81,0.08,0.4,22.3,29.4,0.21,45.43,11.82,188.01,4.97
1/3/2022 7:00,1/3/2022,7:00,7.78,0.07,0.4,21.9,29.4,0.22,45.11,10.97,186.67,4.56
1/3/2022 8:00,1/3/2022,8:00,7.79,0.04,0.4,21.1,29.7,0.23,46.36,10.92,191.81,5.3
1/3/2022 9:00,1/3/2022,9:00,7.79,0.05,0.4,21.9,30.2,0.26,49.04,12.46,202.79,5.54
1/3/2022 10:00,1/3/2022,10:00,7.82,0.06,0.4,21.5,30.5,0.27,45.13,10.36,186.78,5
1/3/2022 11:00,1/3/2022,11:00,7.79,0.06,0.4,21.7,31.1,0.25,44.64,10.05,184.78,4.93
1/3/2022 12:00,1/3/2022,12:00,7.71,0.06,0.4,22.8,31.9,0.25,45.74,14.94,189.26,5.59
1/3/2022 13:00,1/3/2022,13:00,7.81,0.03,0.4,21,32.2,0.23,41.83,10.24,173.25,4.74
1/3/2022 14:00,1/3/2022,14:00,7.81,0.03,0.4,20.8,32,0.23,43.61,11.17,180.54,5.64
1/3/2022 15:00,1/3/2022,15:00,7.82,0.04,0.4,19.9,32.1,0.25,46.81,10.04,193.63,5.66
1/3/2022 16:00,1/3/2022,16:00,7.83,0.03,0.4,20.1,31.8,0.22,44.07,9.56,182.43,4.87
1/3/2022 17:00,1/3/2022,17:00,7.86,0.03,0.5,21,31.9,0.29,49.8,11.99,205.9,6.15
1/3/2022 18:00,1/3/2022,18:00,7.84,0.04,0.5,20.3,31.9,0.31,51.61,13.74,213.32,6.16
1/3/2022 19:00,1/3/2022,19:00,7.86,0.06,0.5,20.8,31.7,0.28,49.53,10.75,204.8,5.24
1/3/2022 20:00,1/3/2022,20:00,7.85,0.03,0.4,21,31.5,0.29,49.04,9.62,202.78,4.88
1/3/2022 21:00,1/3/2022,21:00,7.84,0.03,0.4,21.1,31.1,0.27,47.78,8.19,197.63,5.1
1/3/2022 22:00,1/3/2022,22:00,7.82,0.02,0.4,20.5,31.1,0.29,50.06,7.42,206.94,6.21
1/3/2022 23:00,1/3/2022,23:00,7.8,0.02,0.4,19.9,31.1,0.28,51.34,6.67,212.18,5.9
1/4/2022 0:00,1/4/2022,0:00,7.83,0.03,0.5,20.8,31,0.3,52.11,8.03,215.37,6.31
1/4/2022 1:00,1/4/2022,1:00,7.84,0.03,0.5,22.8,30.9,0.3,52.08,9.4,215.24,6.71
1/4/2022 2:00,1/4/2022,2:00,7.84,0.03,0.5,22,30.7,0.28,50.41,8.06,208.38,6.51
1/4/2022 3:00,1/4/2022,3:00,7.82,0.04,0.5,21.4,30.7,0.26,50.39,7.57,208.33,7.02
1/4/2022 4:00,1/4/2022,4:00,7.85,0.06,0.5,21.3,30.6,0.26,48.78,7.61,201.72,6.45
1/4/2022 5:00,1/4/2022,5:00,7.83,0.05,0.4,22.7,29.8,0.21,43.95,7.17,181.95,6.42
1/4/2022 6:00,1/4/2022,6:00,7.84,0.05,0.4,22.3,29.8,0.19,43.29,8.23,179.23,5.92
1/4/2022 7:00,1/4/2022,7:00,7.83,0.06,0.4,22.4,30,0.21,44.22,8.55,183.06,7.18
1/4/2022 8:00,1/4/2022,8:00,7.82,0.04,0.4,22.9,29.8,0.18,40.37,7.47,167.28,6.42
1/4/2022 9:00,1/4/2022,9:00,7.8,0.1,0.5,21.6,30.5,0.22,46.45,7.91,192.19,7.32
1/4/2022 10:00,1/4/2022,10:00,7.78,0.07,0.5,22.8,31,0.23,45.78,8.23,189.43,7.63
1/4/2022 11:00,1/4/2022,11:00,7.82,0.08,0.5,22.8,31.6,0.24,46.24,8.75,191.3,7.53
1/4/2022 12:00,1/4/2022,12:00,7.85,0.09,0.5,23.4,32.2,0.26,45.42,9.93,187.96,6.66
1/4/2022 13:00,1/4/2022,13:00,7.87,0.09,0.4,24.2,32.6,0.27,45.54,9.22,188.44,6.9
1/4/2022 14:00,1/4/2022,14:00,7.87,0.07,0.4,24.9,32.9,0.27,45.64,8.91,188.84,7.75
1/4/2022 15:00,1/4/2022,15:00,7.89,0.09,0.4,24.2,32.4,0.25,44.25,8.23,183.18,6.32
1/4/2022 16:00,1/4/2022,16:00,7.88,0.07,0.4,24,32.2,0.23,43.69,8.1,180.86,6.19
1/4/2022 17:00,1/4/2022,17:00,7.85,0.05,0.4,24.4,32,0.23,44.81,9.28,185.45,7.23
1/4/2022 18:00,1/4/2022,18:00,7.84,0.05,0.4,24.2,32,0.24,46.18,8.43,191.07,7.3
1/4/2022 19:00,1/4/2022,19:00,7.83,0.04,0.4,24.1,31.8,0.24,46.85,7.55,193.84,7.37
1/4/2022 20:00,1/4/2022,20:00,7.84,0.06,0.4,24.8,31.5,0.23,45.63,7.05,188.83,6.56
1/4/2022 21:00,1/4/2022,21:00,7.85,0.05,0.4,26.7,31,0.25,44.53,9.65,184.34,6.23
1/4/2022 22:00,1/4/2022,22:00,7.84,0.06,0.4,27.9,30.6,0.21,41.6,9.31,172.34,6.75
1/4/2022 23:00,1/4/2022,23:00,7.82,0.1,0.4,27.2,30.9,0.21,43.31,7.75,179.31,7.54
1/5/2022 0:00,1/5/2022,0:00,7.85,0.15,0.4,30.8,30.8,0.23,44.45,13.28,183.98,7.78
1/5/2022 1:00,1/5/2022,1:00,7.84,0.09,0.4,30.5,30.8,0.22,45.04,8.67,186.42,8.11
1/5/2022 2:00,1/5/2022,2:00,7.84,0.2,0.4,31,30.3,0.19,42.03,7.56,174.07,7.16
1/5/2022 3:00,1/5/2022,3:00,7.85,0.25,0.4,31.2,30.2,0.19,41.69,7.87,172.69,6.79
1/5/2022 4:00,1/5/2022,4:00,7.84,0.22,0.4,32.3,30.1,0.19,40.76,7.19,168.88,6.82
1/5/2022 5:00,1/5/2022,5:00,7.83,0.24,0.4,31.8,30.1,0.18,40.49,6.85,167.79,7.84
1/5/2022 6:00,1/5/2022,6:00,7.82,0.09,0.4,31.3,30.2,0.19,41.27,7.03,170.99,7.57
1/5/2022 7:00,1/5/2022,7:00,7.82,0.23,0.4,53.7,30.7,0.2,44.36,6.55,183.61,8.3
1/5/2022 8:00,1/5/2022,8:00,7.85,0.18,0.4,32.3,30.5,0.22,43.88,7.43,181.67,7.38
1/5/2022 9:00,1/5/2022,9:00,7.82,0.14,0.4,32.5,30.9,0.22,45.89,7.45,189.88,8.25
1/5/2022 10:00,1/5/2022,10:00,7.82,0.24,0.4,34.2,31.2,0.23,47.03,9.93,194.57,8.49
1/5/2022 11:00,1/5/2022,11:00,7.86,0.13,0.4,35.5,31.2,0.23,45.19,9.99,187.03,7.54
1/5/2022 12:00,1/5/2022,12:00,7.86,0.34,0.4,15.9,30.9,0.15,43.02,20.93,178.12,11.58
1/5/2022 13:00,1/5/2022,13:00,7.8,0.36,0.4,14.7,31.3,0.24,45.46,16.49,188.12,10.7
1/5/2022 14:00,1/5/2022,14:00,7.85,0.19,0.4,31.4,31.1,0.25,42.57,39.64,176.3,9.97
1/5/2022 15:00,1/5/2022,15:00,7.83,0.22,0.4,18.8,31.7,0.24,45.47,20.3,188.18,10.6
1/5/2022 16:00,1/5/2022,16:00,7.85,0.2,0.5,14.5,31.9,0.23,47.12,14.24,194.91,10.7
1/5/2022 17:00,1/5/2022,17:00,7.86,0.3,0.5,13.1,32.1,0.24,48.84,12.29,201.97,10.88
1/5/2022 18:00,1/5/2022,18:00,7.86,0.29,0.5,14.3,32,0.23,48.87,13.7,202.09,10.69
1/5/2022 19:00,1/5/2022,19:00,7.85,0.25,0.5,15.1,31.9,0.27,50.73,17.54,209.69,10.37
1/5/2022 20:00,1/5/2022,20:00,7.87,0.22,0.5,16,31.5,0.24,48.3,14.59,199.74,9.94
1/5/2022 21:00,1/5/2022,21:00,7.83,0.14,0.3,81.5,28.8,0.16,29.67,113.26,123.5,8.19
1/5/2022 22:00,1/5/2022,22:00,7.77,0.12,0.3,93,28.3,0.15,27.43,118.04,114.3,6.91
1/5/2022 23:00,1/5/2022,23:00,7.72,0.22,0.3,94.3,28.5,0.13,30.37,118.03,126.36,6.08
1/6/2022 0:00,1/6/2022,0:00,7.77,0.29,0.3,82.2,29.3,0.16,37.19,84.91,154.26,9.48
1/6/2022 1:00,1/6/2022,1:00,7.78,0.28,0.4,76.9,29.6,0.18,39.11,58.55,162.13,9.54
1/6/2022 2:00,1/6/2022,2:00,7.81,0.38,0.4,70.7,29.5,0.16,38.43,58.9,159.36,7.88
1/6/2022 3:00,1/6/2022,3:00,7.77,0.45,0.4,92.3,29.6,0.15,40.3,62.27,167,9.39
1/6/2022 4:00,1/6/2022,4:00,7.78,0.41,0.3,187.1,28.2,0.11,30,144.35,124.83,7.93
1/6/2022 5:00,1/6/2022,5:00,7.76,0.55,0.3,205.6,28.5,0.12,33.41,110.81,138.8,6.93
1/6/2022 6:00,1/6/2022,6:00,7.76,0.43,0.4,205.1,29.4,0.14,39.15,82.97,162.3,9.44
1/6/2022 7:00,1/6/2022,7:00,7.77,0.39,0.4,197.2,29.6,0.15,40.68,64.32,168.56,9.5
1/6/2022 8:00,1/6/2022,8:00,7.77,0.31,0.4,73,29.7,0.16,40.52,54.15,167.88,9.23
1/6/2022 9:00,1/6/2022,9:00,7.82,0.45,0.4,80.3,29.5,0.14,37.59,52.16,155.92,7.8
1/6/2022 10:00,1/6/2022,10:00,7.79,0.37,0.4,83.4,29.9,0.16,39.04,52.25,161.84,6.47
1/6/2022 11:00,1/6/2022,11:00,7.78,0.23,0.4,72.9,30.9,0.17,40.09,37.05,166.14,9.6
1/6/2022 12:00,1/6/2022,12:00,7.84,0.3,0.4,62.7,31.2,0.16,37.48,29.38,155.44,7.94
1/6/2022 13:00,1/6/2022,13:00,7.82,0.16,0.4,61.5,31.5,0.16,37.45,27.8,155.33,6.57
1/6/2022 14:00,1/6/2022,14:00,7.82,0.25,0.4,62.2,31.5,0.17,38.86,24.76,161.12,9.77
1/6/2022 15:00,1/6/2022,15:00,7.84,0.05,0.2,208.4,27.7,0.11,28.8,250.22,119.94,6.9
1/6/2022 16:00,1/6/2022,16:00,7.81,0.07,0.2,281,26.9,0.08,34.56,334.14,143.48,4.77
1/6/2022 17:00,1/6/2022,17:00,7.75,0.52,0.2,298.6,27.2,0.05,36.73,318.37,152.37,4.04
1/6/2022 18:00,1/6/2022,18:00,7.71,0.44,0.2,330.3,26.5,0.04,38.97,345.85,161.54,3.2
1/6/2022 19:00,1/6/2022,19:00,7.71,0.09,0.1,276.9,26,0.04,34.82,317.01,144.56,2.27
1/6/2022 20:00,1/6/2022,20:00,7.7,0.54,0.1,280.1,25.6,0.04,34.75,295.15,144.29,2.1
1/6/2022 21:00,1/6/2022,21:00,7.71,0.51,0.1,268,25.9,0.05,37.81,288.87,156.8,3.07
1/6/2022 22:00,1/6/2022,22:00,7.71,0.17,0.1,222.9,25.7,0.06,33.75,235.62,140.17,2.25
1/6/2022 23:00,1/6/2022,23:00,7.63,0.23,0.2,206.6,26.5,0.08,31.87,167.94,132.5,8.43
1/7/2022 0:00,1/7/2022,0:00,7.66,0.22,0.2,194.5,26.8,0.08,29.75,136.01,123.79,8.5
1/7/2022 1:00,1/7/2022,1:00,7.65,0.11,0.2,177.1,26.9,0.08,28.8,114.9,119.92,7.94
1/7/2022 2:00,1/7/2022,2:00,7.66,0.1,0.2,169.2,27.1,0.08,29.58,99.67,123.1,7.44
1/7/2022 3:00,1/7/2022,3:00,7.67,0.17,0.3,166.4,27.1,0.08,30.97,93.28,128.79,8.06
1/7/2022 4:00,1/7/2022,4:00,7.67,0.11,0.3,167.3,26.9,0.1,32.78,90.36,136.21,7.37
1/7/2022 5:00,1/7/2022,5:00,7.68,0.07,0.3,168.9,26.9,0.12,34.75,95.46,144.3,7.9
1/7/2022 6:00,1/7/2022,6:00,7.69,0.1,0.3,162.1,26.8,0.1,32.63,81.09,135.58,7.16
1/7/2022 7:00,1/7/2022,7:00,7.69,0.06,0.3,171.8,26.8,0.1,32.51,81.04,135.13,7
1/7/2022 8:00,1/7/2022,8:00,7.73,0.04,0.3,166.5,26.8,0.1,31.82,77.43,132.27,6.55
1/7/2022 9:00,1/7/2022,9:00,7.69,0.03,0.3,164.5,27.4,0.11,32.92,71.42,136.81,7.4
1/7/2022 10:00,1/7/2022,10:00,7.71,0.01,0.3,151.3,28.5,0.14,33.65,61.05,139.76,7.5
1/7/2022 11:00,1/7/2022,11:00,7.75,0,0.3,138.4,29.3,0.14,34.11,56.04,141.66,8.05
1/7/2022 12:00,1/7/2022,12:00,7.77,0.02,0.3,137.3,29.8,0.15,35.06,56.25,145.55,7.94
1/7/2022 13:00,1/7/2022,13:00,7.77,0.01,0.3,126.5,30,0.16,35.13,55.5,145.85,8.04
1/7/2022 14:00,1/7/2022,14:00,7.78,0.01,0.3,131.8,30.3,0.15,31.35,44.46,130.35,6.59
1/7/2022 15:00,1/7/2022,15:00,7.78,0.04,0.3,140.5,30.2,0.15,34.35,51.8,142.63,5.36
1/7/2022 16:00,1/7/2022,16:00,7.79,0.01,0.3,149,29.6,0.16,31.67,38.51,131.67,7.71
1/7/2022 17:00,1/7/2022,17:00,7.79,0,0.2,417.9,27.2,0.08,26.06,141.11,108.73,6.57
1/7/2022 18:00,1/7/2022,18:00,7.79,0.01,0.2,250.2,27.1,0.08,21.16,95.56,88.65,4.79
1/7/2022 19:00,1/7/2022,19:00,7.79,0.13,0.2,339.9,26.8,0.05,40.86,319.09,169.3,3.88
1/7/2022 20:00,1/7/2022,20:00,7.78,0.12,0.2,310.7,26.8,0.06,39.08,272.59,162.01,4.24
1/7/2022 21:00,1/7/2022,21:00,7.75,0.07,0.2,272.4,26.9,0.07,33.3,197.81,138.34,5.15
1/7/2022 22:00,1/7/2022,22:00,7.73,0.05,0.2,261.5,27,0.07,29.42,148.41,122.45,6.54
1/7/2022 23:00,1/7/2022,23:00,7.71,0.05,0.2,264.9,27,0.07,28.39,130.88,118.26,7.19
1/8/2022 0:00,1/8/2022,0:00,7.71,0.04,0.2,265.9,27.3,0.08,28.72,97.34,119.61,6.33
1/8/2022 1:00,1/8/2022,1:00,7.72,0,0.2,272,27,0.06,27.32,135.78,113.88,7.38
1/8/2022 2:00,1/8/2022,2:00,7.73,0.11,0.2,261.1,27.1,0.07,26.37,100.94,110,7.01
1/8/2022 3:00,1/8/2022,3:00,7.65,0.05,0.2,269,27.2,0.07,28.09,82.81,117.02,6.86
1/8/2022 4:00,1/8/2022,4:00,7.65,0.06,0.2,267.8,27.1,0.07,29.45,81.57,122.59,5.27
1/8/2022 5:00,1/8/2022,5:00,7.66,0.03,0.3,245.4,27.1,0.07,29.84,75.83,124.19,6.94
1/8/2022 6:00,1/8/2022,6:00,7.67,0.01,0.3,242.1,27.1,0.08,30.44,71.1,126.66,7.35
1/8/2022 7:00,1/8/2022,7:00,7.67,0.01,0.3,241.2,27.1,0.09,31.06,67.14,129.17,6.73
1/8/2022 8:00,1/8/2022,8:00,7.69,0.01,0.3,242.1,27.1,0.1,31.52,61.2,131.06,6.82
1/8/2022 9:00,1/8/2022,9:00,7.7,0,0.3,239.7,27.3,0.11,31.37,61.89,130.44,6.49
1/8/2022 10:00,1/8/2022,10:00,7.74,0,0.3,244,28,0.12,27.12,36.42,113.06,7.58
1/8/2022 11:00,1/8/2022,11:00,7.72,0,0.3,235.7,28.9,0.14,30.79,67.32,128.07,6.74
1/8/2022 12:00,1/8/2022,12:00,7.7,0,0.3,244,29.1,0.13,33.07,106.37,137.39,7.51
1/8/2022 13:00,1/8/2022,13:00,7.78,0,0.3,179.8,30.5,0.15,31.36,59.85,130.39,8.17
1/8/2022 14:00,1/8/2022,14:00,7.82,0,0.3,183.1,30.4,0.21,30.87,52.1,128.39,9.95
1/8/2022 15:00,1/8/2022,15:00,7.85,0,0.3,184.4,30.4,0.18,31.79,40.31,132.16,8.38
1/8/2022 16:00,1/8/2022,16:00,7.83,0,0.3,193.6,30.8,0.18,35.63,38.53,147.89,9.62
1/8/2022 17:00,1/8/2022,17:00,7.82,0,0.3,189.1,30.1,0.15,31.58,34,131.31,9.84
1/8/2022 18:00,1/8/2022,18:00,7.82,0,0.3,356.3,28.7,0.12,32.38,284.08,134.59,8.8
1/8/2022 19:00,1/8/2022,19:00,7.82,0.01,0.3,553.1,28.1,0.09,58.34,574.69,240.87,8.09
1/8/2022 20:00,1/8/2022,20:00,7.82,0.02,0.3,524,27.9,0.09,59.93,559.74,247.37,7.8
1/8/2022 21:00,1/8/2022,21:00,7.79,0.01,0.3,387.6,28.1,0.09,41.82,311.88,173.23,7.57
1/8/2022 22:00,1/8/2022,22:00,7.78,0.01,0.3,310.5,28,0.09,32.21,182.54,133.9,8.19
1/8/2022 23:00,1/8/2022,23:00,7.75,0.01,0.3,229.9,27.9,0.11,23.83,81.71,99.58,5.46
1/9/2022 0:00,1/9/2022,0:00,7.75,0.03,0.3,268.6,28,0.1,30.4,119.23,126.49,6.96
1/9/2022 1:00,1/9/2022,1:00,7.74,0.01,0.3,203.1,28,0.1,30.58,121.77,127.19,6.9
1/9/2022 2:00,1/9/2022,2:00,7.74,0,0.3,182.6,28,0.1,28.84,86.57,120.09,6.51
1/9/2022 3:00,1/9/2022,3:00,7.71,0,0.3,155.9,28.2,0.1,31,72.5,128.95,6.4
1/9/2022 4:00,1/9/2022,4:00,7.71,0.01,0.3,156.2,28.1,0.1,31.99,74.08,132.99,6.27
1/9/2022 5:00,1/9/2022,5:00,7.72,0.01,0.3,152.4,28.2,0.11,33.65,63.42,139.77,4.83
1/9/2022 6:00,1/9/2022,6:00,7.73,0,0.3,149.1,28.2,0.11,32.55,61.62,135.26,4.05
1/9/2022 7:00,1/9/2022,7:00,7.72,0,0.3,139.8,27.9,0.11,32.23,53.94,133.98,4.79
1/9/2022 8:00,1/9/2022,8:00,7.78,0,0.3,121.4,27.6,0.11,29.11,33.07,121.2,4.02
1/9/2022 9:00,1/9/2022,9:00,7.75,0,0.3,130.2,28.5,0.11,32.38,44.31,134.6,4.68
1/9/2022 10:00,1/9/2022,10:00,7.73,0,0.3,125.2,29.1,0.1,32.26,34.06,134.11,4.09
1/9/2022 11:00,1/9/2022,11:00,7.72,0,0.3,127.6,29.3,0.1,28.43,19.98,118.41,3.58
1/9/2022 12:00,1/9/2022,12:00,7.73,0.71,0.3,35.9,30.4,0.07,32.97,38.02,136.99,13.02
1/9/2022 13:00,1/9/2022,13:00,7.67,0.13,0.3,34.6,30.6,0.08,31.07,33.86,129.23,11.32
1/9/2022 14:00,1/9/2022,14:00,7.75,0.2,0.3,33.5,31.1,0.1,33.7,34.94,139.99,12.44
1/9/2022 15:00,1/9/2022,15:00,7.78,0.15,0.3,32.6,30.9,0.1,32.19,32.53,133.79,11.8
1/9/2022 16:00,1/9/2022,16:00,7.75,0.13,0.3,31.5,30.7,0.1,32.15,30.65,133.63,11.62
1/9/2022 17:00,1/9/2022,17:00,7.75,0.13,0.3,32.5,30.5,0.11,33.02,32.89,137.21,11.5
1/9/2022 18:00,1/9/2022,18:00,7.76,0.11,0.3,36.4,29.9,0.1,31.39,33.89,130.51,10.42
1/9/2022 19:00,1/9/2022,19:00,7.73,0.11,0.3,39.9,29.6,0.09,29.59,42.57,123.18,9.84
1/9/2022 20:00,1/9/2022,20:00,7.72,0.13,0.3,39.2,29.3,0.09,28.63,42.88,119.23,9.21
1/9/2022 21:00,1/9/2022,21:00,7.7,0.08,0.3,38.7,28.9,0.1,29.64,42.87,123.37,9.8
1/9/2022 22:00,1/9/2022,22:00,7.73,0.08,0.3,34.2,29,0.11,31.85,38.03,132.4,10.55
1/9/2022 23:00,1/9/2022,23:00,7.73,0.1,0.3,28.7,29,0.11,32.91,29.05,136.74,10.65
1/10/2022 0:00,1/10/2022,0:00,7.75,0.09,0.3,27.2,29,0.11,34.54,26.87,143.44,10.97
1/10/2022 1:00,1/10/2022,1:00,7.76,0.08,0.3,28.2,28.9,0.11,34.11,25.32,141.68,10.45
1/10/2022 2:00,1/10/2022,2:00,7.7,0.08,0.3,25.6,28.8,0.1,34.49,23.02,143.21,10.57
1/10/2022 3:00,1/10/2022,3:00,7.73,0.08,0.3,26.3,28.7,0.1,34.31,22.98,142.48,10.56
1/10/2022 4:00,1/10/2022,4:00,7.74,0.11,0.3,27.4,28.5,0.1,33.7,24.79,139.98,10.38
1/10/2022 5:00,1/10/2022,5:00,7.73,0.15,0.3,40,28.3,0.1,33.22,46.19,138,10.28
1/10/2022 6:00,1/10/2022,6:00,7.72,0.19,0.3,48.2,27.6,0.08,28.34,52.33,118.03,9.29
1/10/2022 7:00,1/10/2022,7:00,7.71,0.44,0.3,49.1,27.5,0.08,29.17,60.32,121.43,9.24
1/10/2022 8:00,1/10/2022,8:00,7.73,0.26,0.3,48.5,27.7,0.09,30.33,58.39,126.17,9.68
1/10/2022 9:00,1/10/2022,9:00,7.76,0.14,0.3,35,28.3,0.1,32.93,38.59,136.85,10.36
1/10/2022 10:00,1/10/2022,10:00,7.74,0.1,0.3,31.9,28.7,0.11,33.58,31.75,139.5,10.37
1/10/2022 11:00,1/10/2022,11:00,7.79,0.06,0.3,28.4,29.3,0.13,31.89,23.29,132.59,9.87
1/10/2022 12:00,1/10/2022,12:00,7.74,0.09,0.3,28.1,30,0.13,32.34,25.77,134.42,9.54
1/10/2022 13:00,1/10/2022,13:00,7.79,0.08,0.4,25.7,30.9,0.15,35.71,23.96,148.22,10.69
1/10/2022 14:00,1/10/2022,14:00,7.8,0.11,0.4,22.4,31.4,0.16,36.85,20.69,152.87,11.26
1/10/2022 15:00,1/10/2022,15:00,7.8,0.09,0.4,22.3,31.1,0.14,34.98,19.13,145.24,10.57
1/10/2022 16:00,1/10/2022,16:00,7.79,0.1,0.3,24.7,30.9,0.14,34.39,20.46,142.82,10.15
1/10/2022 17:00,1/10/2022,17:00,7.82,0.09,0.3,66.6,29.9,0.15,31.25,85.14,129.95,9.88
1/10/2022 18:00,1/10/2022,18:00,7.83,0.07,0.3,52.7,29.4,0.16,30.16,69.03,125.5,9.55
1/10/2022 19:00,1/10/2022,19:00,7.87,0.05,0.3,42.1,28.9,0.18,29.25,54.68,121.75,8.74
1/10/2022 20:00,1/10/2022,20:00,7.89,0.01,0.3,37.6,28.4,0.19,28.52,45.23,118.77,8.66
1/10/2022 21:00,1/10/2022,21:00,7.9,0,0.3,35.3,28,0.2,28,38.29,116.64,8.8
1/10/2022 22:00,1/10/2022,22:00,7.92,0,0.3,31.9,27.6,0.21,27.39,31.7,114.17,8.71
1/10/2022 23:00,1/10/2022,23:00,7.93,0.01,0.3,30.8,27.3,0.21,27.05,27.28,112.76,8.56
1/11/2022 0:00,1/11/2022,0:00,7.94,0.01,0.3,28.9,27,0.22,26.7,23.75,111.33,8.29
1/11/2022 1:00,1/11/2022,1:00,7.96,0.02,0.3,27.7,26.7,0.23,26.48,20.68,110.45,8.1
1/11/2022 2:00,1/11/2022,2:00,7.97,0.03,0.3,26.7,26.4,0.23,26.23,20.2,109.4,8.23
1/11/2022 3:00,1/11/2022,3:00,7.97,0.02,0.3,25.4,26.2,0.24,26.01,17.1,108.49,8.3
1/11/2022 4:00,1/11/2022,4:00,7.98,0.02,0.3,24.4,26,0.24,25.86,14.5,107.89,8.29
1/11/2022 5:00,1/11/2022,5:00,8,0.02,0.3,23.1,25.8,0.25,25.66,14.65,107.05,8.26
1/11/2022 6:00,1/11/2022,6:00,8,0.02,0.3,22.9,25.6,0.25,25.56,11.95,106.66,8.33
1/11/2022 7:00,1/11/2022,7:00,8.01,0.02,0.3,22.4,25.4,0.25,25.43,11.3,106.12,8.37
1/11/2022 8:00,1/11/2022,8:00,8.03,0,0.3,21.4,25.3,0.25,25.31,10.81,105.63,7.9
1/11/2022 9:00,1/11/2022,9:00,8.03,0,0.3,19.2,25.4,0.25,25.19,9.57,105.13,7.57
1/11/2022 10:00,1/11/2022,10:00,7.98,0,0.3,19.8,25.6,0.24,25.08,8.94,104.68,7.37
1/11/2022 11:00,1/11/2022,11:00,7.97,0,0.3,20.3,25.8,0.25,25,8.55,104.37,7.37
1/11/2022 12:00,1/11/2022,12:00,7.98,0,0.3,19.6,26.2,0.27,24.95,7.16,104.15,7.44
1/11/2022 13:00,1/11/2022,13:00,7.99,0,0.3,19.1,26.7,0.27,24.87,6.4,103.83,7.47
1/11/2022 14:00,1/11/2022,14:00,8.02,0,0.3,18.7,27.3,0.27,24.78,5.69,103.45,7.72
1/11/2022 15:00,1/11/2022,15:00,8.04,0,0.3,18,27.9,0.28,24.77,5.35,103.45,8.06
1/11/2022 16:00,1/11/2022,16:00,8.03,0,0.3,17.2,28.2,0.29,24.74,5.1,103.29,8.13
1/11/2022 17:00,1/11/2022,17:00,8.04,0.01,0.3,17.8,28.3,0.3,24.7,5.05,103.13,7.95
1/11/2022 18:00,1/11/2022,18:00,8.06,0.02,0.3,17.6,28.3,0.29,24.66,4.22,102.99,7.75
1/11/2022 19:00,1/11/2022,19:00,8.07,0.03,0.3,17.5,28.2,0.28,24.63,3.88,102.85,7.94
1/11/2022 20:00,1/11/2022,20:00,8.07,0.03,0.3,17.3,28,0.28,24.58,4.11,102.64,7.78
1/11/2022 21:00,1/11/2022,21:00,8.07,0.03,0.3,17.1,27.7,0.27,24.54,3.37,102.5,7.71
1/11/2022 22:00,1/11/2022,22:00,8.07,0.04,0.3,16.9,27.5,0.27,24.5,3.03,102.3,7.8
1/11/2022 23:00,1/11/2022,23:00,8.07,0.06,0.3,16.5,27.2,0.27,24.47,2.66,102.2,7.8
1/12/2022 0:00,1/12/2022,0:00,8.07,0.06,0.3,16.5,27,0.26,24.43,2.52,102.03,7.75
1/12/2022 1:00,1/12/2022,1:00,8.08,0.05,0.3,16.4,26.7,0.26,24.37,2.21,101.78,7.72
1/12/2022 2:00,1/12/2022,2:00,8.08,0.07,0.3,16.5,26.4,0.26,24.34,2.04,101.66,7.74
1/12/2022 3:00,1/12/2022,3:00,8.08,0.07,0.3,16.5,26.1,0.26,24.3,1.61,101.51,7.8
1/12/2022 4:00,1/12/2022,4:00,8.08,0.06,0.3,16.3,25.9,0.26,24.24,2.14,101.26,7.8
1/12/2022 5:00,1/12/2022,5:00,8.08,0.06,0.3,16.2,25.7,0.26,24.13,5.2,100.8,7.91
1/12/2022 6:00,1/12/2022,6:00,8.09,0.05,0.3,16.2,25.5,0.26,24.17,1.43,100.99,8.36
1/12/2022 7:00,1/12/2022,7:00,8.09,0.04,0.3,16.4,25.3,0.26,24.14,1.41,100.84,8.09
1/12/2022 8:00,1/12/2022,8:00,8.08,0.03,0.3,16.3,25.3,0.26,24.1,1.2,100.7,8.06
1/12/2022 9:00,1/12/2022,9:00,8.1,0.01,0.3,16.3,25.3,0.27,24.07,1.13,100.57,8.12
1/12/2022 10:00,1/12/2022,10:00,8.09,0,0.3,16.2,25.4,0.25,24.03,0.85,100.41,8.09
1/12/2022 11:00,1/12/2022,11:00,8.07,0,0.3,15.9,25.6,0.24,24.03,1.16,100.41,7.93
1/12/2022 12:00,1/12/2022,12:00,8.11,0,0.3,16,26,0.25,23.99,0.82,100.24,8.21
1/12/2022 13:00,1/12/2022,13:00,8.1,0,0.3,16,26.4,0.25,23.98,0.64,100.18,8.3
1/12/2022 14:00,1/12/2022,14:00,8.09,0,0.3,15.9,26.9,0.25,23.97,0.55,100.16,8.38
1/12/2022 15:00,1/12/2022,15:00,8.13,0,0.3,15.7,27.5,0.25,23.98,0.53,100.2,8.58
1/12/2022 16:00,1/12/2022,16:00,8.11,0,0.3,15,28,0.24,23.99,0.64,100.24,8.6
1/12/2022 17:00,1/12/2022,17:00,8.11,0,0.3,15.4,28.4,0.25,24,0.43,100.29,8.67
1/12/2022 18:00,1/12/2022,18:00,8.1,0.01,0.3,15.6,28.5,0.25,23.99,0.4,100.24,8.52
1/12/2022 19:00,1/12/2022,19:00,8.11,0.03,0.3,15.4,28.5,0.25,24,0.44,100.28,8.26
1/12/2022 20:00,1/12/2022,20:00,8.11,0.05,0.3,15.6,28.4,0.24,24,0.57,100.29,8.38
1/12/2022 21:00,1/12/2022,21:00,8.11,0.05,0.3,15.7,28.3,0.24,23.99,1.14,100.23,8.77
1/12/2022 22:00,1/12/2022,22:00,8.11,0.05,0.3,15.3,28.1,0.24,23.98,0.39,100.2,8.48
1/12/2022 23:00,1/12/2022,23:00,8.1,0.06,0.3,15.3,27.9,0.23,23.97,0.28,100.17,8.94
1/13/2022 0:00,1/13/2022,0:00,8.1,0.08,0.3,15.2,27.5,0.23,23.96,0.3,100.13,9.22
1/13/2022 1:00,1/13/2022,1:00,8.1,0.08,0.3,15.1,27.2,0.22,23.95,0.36,100.06,9.17
1/13/2022 2:00,1/13/2022,2:00,8.1,0.09,0.3,15.2,26.9,0.22,23.93,0.1,100,9.17
1/13/2022 3:00,1/13/2022,3:00,8.09,0.09,0.3,15.5,26.6,0.21,23.92,0.48,99.93,9.17
1/13/2022 4:00,1/13/2022,4:00,8.1,0.09,0.3,15.4,26.3,0.21,23.9,0,99.88,9.22
1/13/2022 5:00,1/13/2022,5:00,8.1,0.07,0.3,15.4,26,0.21,23.88,0,99.8,9.29
1/13/2022 6:00,1/13/2022,6:00,8.1,0.07,0.3,15.1,25.8,0.21,23.87,0,99.74,9.21
1/13/2022 7:00,1/13/2022,7:00,8.1,0.05,0.3,15.6,25.6,0.21,23.85,0,99.64,9.31
1/13/2022 8:00,1/13/2022,8:00,8.11,0.03,0.3,15.2,25.5,0.21,23.82,0,99.55,9.22
1/13/2022 9:00,1/13/2022,9:00,8.11,0.01,0.3,15.4,25.6,0.21,23.84,0,99.61,9.27
1/13/2022 10:00,1/13/2022,10:00,8.13,0,0.3,15.2,25.7,0.2,23.82,0,99.55,9.2
1/13/2022 11:00,1/13/2022,11:00,8.13,0,0.3,15.4,26,0.18,23.82,0,99.52,9.15
1/13/2022 12:00,1/13/2022,12:00,8.35,4.08,0.6,9,26.4,0.03,0,82.9,0,1.7
1/13/2022 13:00,1/13/2022,13:00,7.9,0.16,0.4,85.5,30.9,0.18,41.43,120.83,171.61,8.33
1/13/2022 14:00,1/13/2022,14:00,7.87,0.16,0.4,39.9,31.3,0.19,39.5,49.02,163.72,8.88
1/13/2022 15:00,1/13/2022,15:00,7.92,0.11,0.4,25.2,32.1,0.23,43.75,32.95,181.14,10.61
1/13/2022 16:00,1/13/2022,16:00,7.93,0.12,0.4,21.9,32.3,0.2,43.31,25.6,179.33,10.75
1/13/2022 17:00,1/13/2022,17:00,7.91,0.12,0.4,14.7,32.2,0.19,42.82,15.38,177.32,10.44
1/13/2022 18:00,1/13/2022,18:00,7.86,0.08,0.5,12.8,32.1,0.21,45.02,12.69,186.33,11.39
1/13/2022 19:00,1/13/2022,19:00,7.87,0.09,0.5,11.4,31.9,0.21,46.18,10.71,191.09,12.08
1/13/2022 20:00,1/13/2022,20:00,7.87,0.09,0.5,11.7,31.7,0.21,46.74,8.91,193.35,12.13
1/13/2022 21:00,1/13/2022,21:00,7.86,0.09,0.5,11.1,31.5,0.21,46.81,9.02,193.66,12.05
1/13/2022 22:00,1/13/2022,22:00,7.87,0.09,0.4,10.4,31.2,0.19,42.86,6.98,177.49,11.19
1/13/2022 23:00,1/13/2022,23:00,7.86,0.06,0.4,11.6,30.8,0.2,42.61,8.38,176.46,10.64
1/14/2022 0:00,1/14/2022,0:00,7.84,0.09,0.4,10.8,30.7,0.21,43.47,7.77,179.97,11.25
1/14/2022 1:00,1/14/2022,1:00,7.83,0.08,0.4,10.1,30.7,0.2,43.87,6.83,181.62,11.13
1/14/2022 2:00,1/14/2022,2:00,7.86,0.1,0.4,11.1,30.5,0.2,42.92,6.34,177.71,10.77
1/14/2022 3:00,1/14/2022,3:00,7.87,0.1,0.4,12.5,30.3,0.21,42.25,9.09,175,10.19
1/14/2022 4:00,1/14/2022,4:00,7.86,0.06,0.4,20.7,30.3,0.21,42.58,8.06,176.31,10.42
1/14/2022 5:00,1/14/2022,5:00,7.83,0.13,0.4,11.2,30.3,0.22,43.93,7.38,181.85,10.57
1/14/2022 6:00,1/14/2022,6:00,7.83,0.12,0.5,10.6,30.5,0.21,45.33,6.84,187.6,10.75
1/14/2022 7:00,1/14/2022,7:00,7.84,0.08,0.4,10.3,30.3,0.18,42.61,5.5,176.45,10.04
1/14/2022 8:00,1/14/2022,8:00,7.81,0.06,0.5,10.6,30.4,0.21,45.82,6.15,189.58,10.57
1/14/2022 9:00,1/14/2022,9:00,7.84,0.06,0.4,10.6,30.2,0.2,44.27,5.8,183.25,10.27
1/14/2022 10:00,1/14/2022,10:00,7.85,0.08,0.4,10.1,30.4,0.21,44.81,7.04,185.46,10.46
1/14/2022 11:00,1/14/2022,11:00,7.84,0.06,0.5,11.4,30.9,0.2,46.75,9.91,193.41,10.95
1/14/2022 12:00,1/14/2022,12:00,7.86,0.07,0.4,11.5,31.2,0.21,44.48,9.38,184.1,10.24
1/14/2022 13:00,1/14/2022,13:00,7.88,0.01,0.5,12,31.9,0.26,45.7,11.98,189.1,10.31
1/14/2022 14:00,1/14/2022,14:00,7.92,0,0.5,11.5,32.4,0.28,46.73,12.64,193.33,10.77
1/14/2022 15:00,1/14/2022,15:00,7.95,0,0.5,10.9,32.8,0.27,48.48,11.34,200.47,11.34
1/14/2022 16:00,1/14/2022,16:00,7.94,0.02,0.5,13.1,32.9,0.26,48.61,12.92,201.04,11.57
1/14/2022 17:00,1/14/2022,17:00,7.93,0.01,0.5,11.2,32.6,0.24,47.87,9.21,197.97,10.97
1/14/2022 18:00,1/14/2022,18:00,7.86,0.02,0.5,10,32.4,0.24,48.5,6.64,200.58,11.29
1/14/2022 19:00,1/14/2022,19:00,7.85,0.02,0.5,9.8,32.1,0.23,48.56,5.57,200.8,11.14
1/14/2022 20:00,1/14/2022,20:00,7.87,0.03,0.5,10.6,31.8,0.22,48.48,6.35,200.5,10.09
1/14/2022 21:00,1/14/2022,21:00,7.87,0.02,0.4,26.8,31,0.22,45.08,11.22,186.56,9.6
1/14/2022 22:00,1/14/2022,22:00,7.85,0.02,0.4,21.4,29.6,0.22,37.83,17,156.88,8.82
1/14/2022 23:00,1/14/2022,23:00,7.84,0.01,0.4,20,29.4,0.2,36.66,18.39,152.12,8.65
1/15/2022 0:00,1/15/2022,0:00,7.82,0.01,0.4,18.8,29.5,0.19,36.72,15.62,152.33,9.81
1/15/2022 1:00,1/15/2022,1:00,7.8,0.04,0.4,17.3,29.6,0.22,38.78,13.67,160.76,10.13
1/15/2022 2:00,1/15/2022,2:00,7.81,0.04,0.4,17.6,29.7,0.23,40.44,14.95,167.56,10.22
1/15/2022 3:00,1/15/2022,3:00,7.84,0.04,0.4,19.1,29.6,0.24,39.45,15.06,163.52,9.39
1/15/2022 4:00,1/15/2022,4:00,7.81,0.03,0.4,15.4,29.8,0.23,40.7,11.55,168.62,9.66
1/15/2022 5:00,1/15/2022,5:00,7.8,0.04,0.4,16.3,29.7,0.23,41.26,11.34,170.95,9.69
1/15/2022 6:00,1/15/2022,6:00,7.81,0.03,0.4,15.1,29.7,0.22,41.07,10.11,170.17,9.71
1/15/2022 7:00,1/15/2022,7:00,7.82,0.04,0.4,14.5,29.7,0.23,42.03,8.76,174.08,9.82
1/15/2022 8:00,1/15/2022,8:00,7.82,0.06,0.4,15,29.7,0.24,42.26,9.29,175.03,9.72
1/15/2022 9:00,1/15/2022,9:00,7.82,0.05,0.4,16.9,29.6,0.2,40.46,10.52,167.64,10.02
1/15/2022 10:00,1/15/2022,10:00,7.86,0.05,0.4,16.3,29.9,0.19,40.5,10.31,167.82,9.89
1/15/2022 11:00,1/15/2022,11:00,7.87,0.03,0.4,19.9,30.3,0.2,41.07,16.57,170.14,10.47
1/15/2022 12:00,1/15/2022,12:00,7.87,0.03,0.5,17.1,31.4,0.23,44.71,12.98,185.05,10.91
1/15/2022 13:00,1/15/2022,13:00,7.94,0.03,0.4,14,32.2,0.23,43.25,8.08,179.08,9.34
1/15/2022 14:00,1/15/2022,14:00,7.93,0.06,0.4,12.7,32.6,0.2,42.85,4.25,177.46,8.97
1/15/2022 15:00,1/15/2022,15:00,7.9,0.06,0.5,11.2,32.6,0.23,46.35,3.81,191.76,10.99
1/15/2022 16:00,1/15/2022,16:00,7.92,0.03,0.5,12.2,32.3,0.25,47.22,5.75,195.34,11.29
1/15/2022 17:00,1/15/2022,17:00,7.89,0.06,0.5,11.2,32.2,0.25,47.82,3.89,197.79,10.98
1/15/2022 18:00,1/15/2022,18:00,7.87,0.06,0.5,12.3,32.1,0.24,48.06,3.56,198.77,10.83
1/15/2022 19:00,1/15/2022,19:00,7.87,0.06,0.5,11.2,31.9,0.24,48.9,3.36,202.22,10.89
1/15/2022 20:00,1/15/2022,20:00,7.89,0.06,0.5,11.8,31.6,0.23,47.19,2.58,195.22,9.6
1/15/2022 21:00,1/15/2022,21:00,7.88,0.07,0.5,11.3,31.4,0.24,46.72,3.07,193.29,10.46
1/15/2022 22:00,1/15/2022,22:00,7.87,0.08,0.5,11.7,31.3,0.23,46.45,2.42,192.19,10.51
1/15/2022 23:00,1/15/2022,23:00,7.84,0.09,0.5,11.8,31.2,0.23,46.18,3.01,191.08,10.6
1/16/2022 0:00,1/16/2022,0:00,7.85,0.09,0.5,12.2,31.1,0.22,45.86,3.39,189.77,10.79
1/16/2022 1:00,1/16/2022,1:00,7.87,0.14,0.4,17.6,30.3,0.2,41,9.5,169.86,8.73
1/16/2022 2:00,1/16/2022,2:00,7.86,0.09,0.4,26.1,30.1,0.18,40.11,25.62,166.21,8.91
1/16/2022 3:00,1/16/2022,3:00,7.86,0.14,0.4,29.4,30,0.18,39.96,25.75,165.62,9.21
1/16/2022 4:00,1/16/2022,4:00,7.86,0.13,0.4,25.9,29.9,0.17,40.02,24.12,165.86,9.6
1/16/2022 5:00,1/16/2022,5:00,7.85,0.13,0.5,20.2,30.7,0.21,45.71,15.77,189.14,10.24
1/16/2022 6:00,1/16/2022,6:00,7.87,0.06,0.5,17,30.8,0.2,45.89,9.7,189.87,9.82
1/16/2022 7:00,1/16/2022,7:00,7.86,0.08,0.5,16,30.7,0.22,47.59,7.32,196.83,10.25
1/16/2022 8:00,1/16/2022,8:00,7.87,0.04,0.5,12.9,30.9,0.24,49.43,4.66,204.38,10.29
1/16/2022 9:00,1/16/2022,9:00,7.86,0.05,0.5,13.4,31.1,0.23,49.53,4.23,204.78,10.07
1/16/2022 10:00,1/16/2022,10:00,7.9,0.08,0.5,13.9,31.5,0.23,48.89,3.53,202.16,10.35
1/16/2022 11:00,1/16/2022,11:00,7.89,0.05,0.5,13.1,31.7,0.21,47.25,3.2,195.44,8.26
1/16/2022 12:00,1/16/2022,12:00,7.88,0.04,0.5,12.5,31.6,0.2,42.86,3.11,177.48,7.82
1/16/2022 13:00,1/16/2022,13:00,7.97,0.06,0.5,13.4,32.1,0.28,44.3,4.22,183.41,10.16
1/16/2022 14:00,1/16/2022,14:00,8,0.11,0.5,13.7,32.3,0.3,43.96,4.44,181.98,9.85
1/16/2022 15:00,1/16/2022,15:00,8.02,0.04,0.5,13,32.1,0.3,44.78,2.86,185.33,10.22
1/16/2022 16:00,1/16/2022,16:00,8.03,0.02,0.5,12.9,31.9,0.31,46.8,3.38,193.6,10.23
1/16/2022 17:00,1/16/2022,17:00,8.02,0.02,0.5,13.2,31.7,0.32,46.42,3.19,192.07,10.16
1/16/2022 18:00,1/16/2022,18:00,8.05,0,0.5,13.1,30.9,0.35,45.74,2.31,189.28,9.79
1/16/2022 19:00,1/16/2022,19:00,8.06,0,0.5,12.4,30.2,0.37,45.24,1.28,187.22,9.46
1/16/2022 20:00,1/16/2022,20:00,8.07,0,0.5,12,29.6,0.39,44.79,0.5,185.39,9.26
1/16/2022 21:00,1/16/2022,21:00,8.09,0,0.5,12.1,29.1,0.4,44.41,0,183.83,8.99
1/16/2022 22:00,1/16/2022,22:00,8.11,0,0.5,11.1,28.6,0.42,44.09,0,182.51,8.66
1/16/2022 23:00,1/16/2022,23:00,8.12,0,0.5,11,28.2,0.43,43.77,0,181.22,8.42
1/17/2022 0:00,1/17/2022,0:00,8.13,0,0.5,10.6,27.8,0.44,43.53,0,180.21,8.42
1/17/2022 1:00,1/17/2022,1:00,8.15,0,0.5,10.1,27.6,0.46,43.43,0,179.83,9.17
1/17/2022 2:00,1/17/2022,2:00,8.1,0.03,0.4,17.8,28.6,0.23,35.76,9.27,148.41,8.81
1/17/2022 3:00,1/17/2022,3:00,7.96,0.1,0.4,20.5,28.6,0.18,30.41,13.03,126.5,9.25
1/17/2022 4:00,1/17/2022,4:00,7.95,0.04,0.4,25.5,28.7,0.2,33.26,23.29,138.17,9.72
1/17/2022 5:00,1/17/2022,5:00,7.96,0.07,0.4,20.8,28.6,0.21,33.73,14.58,140.12,9.9
1/17/2022 6:00,1/17/2022,6:00,7.94,0.06,0.4,18.5,28.4,0.21,33.67,11.42,139.84,9.96
1/17/2022 7:00,1/17/2022,7:00,7.97,0.06,0.4,17.1,28.2,0.2,32.58,9.15,135.41,9.26
1/17/2022 8:00,1/17/2022,8:00,7.97,0.04,0.4,16.9,28.6,0.23,35.4,9.75,146.92,10.4
1/17/2022 9:00,1/17/2022,9:00,8,1.65,0.3,20,29.7,0.09,34.96,20.61,145.12,9.6
1/17/2022 10:00,1/17/2022,10:00,7.96,0.26,0.4,16,29.6,0.2,33.51,13.72,139.2,10.28
1/17/2022 11:00,1/17/2022,11:00,7.94,0.13,0.4,18.9,30,0.23,36.25,18.07,150.43,11.1
1/17/2022 12:00,1/17/2022,12:00,7.94,0.09,0.4,16.8,30.5,0.24,37.26,16.17,154.56,11.64
1/17/2022 13:00,1/17/2022,13:00,7.95,0.03,0.4,15.7,31.1,0.26,36.46,14.05,151.26,10.53
1/17/2022 14:00,1/17/2022,14:00,8.03,0.05,0.4,14.5,31.9,0.31,39.65,14.4,164.33,12.07
1/17/2022 15:00,1/17/2022,15:00,8.06,0.03,0.5,12.1,32.5,0.36,47.05,12.02,194.63,13.09
1/17/2022 16:00,1/17/2022,16:00,8.07,0.04,0.6,11.1,32.7,0.4,50.28,11.63,207.84,12.98
1/17/2022 17:00,1/17/2022,17:00,8.08,0.02,0.6,11.1,32.5,0.43,50.12,11.52,207.2,12.47
1/17/2022 18:00,1/17/2022,18:00,8.06,0.02,0.6,10.1,32.3,0.43,50.18,9.76,207.45,12.62
1/17/2022 19:00,1/17/2022,19:00,8.03,0.03,0.6,9.8,32.1,0.43,50.87,8.2,210.26,12.93
1/17/2022 20:00,1/17/2022,20:00,7.99,0.07,0.5,9.9,31.4,0.38,44.56,6.06,184.43,10.64
1/17/2022 21:00,1/17/2022,21:00,8,0.01,0.4,19.7,30,0.37,36.63,16.12,151.98,10.31
1/17/2022 22:00,1/17/2022,22:00,8.01,0.01,0.4,17.8,29.3,0.4,36.07,13.84,149.7,9.55
1/17/2022 23:00,1/17/2022,23:00,8.01,0.01,0.4,16.4,28.6,0.43,35.86,13.33,148.82,9.15
1/18/2022 0:00,1/18/2022,0:00,8.02,0,0.4,16.3,28.1,0.45,35.82,12.92,148.68,9.02
1/18/2022 1:00,1/18/2022,1:00,8.01,0,0.3,81.4,27.8,0.43,33.37,35.08,138.61,9.09
1/18/2022 2:00,1/18/2022,2:00,8,0.08,0.3,78.6,27.9,0.22,34.5,104.39,143.25,8.92
1/18/2022 3:00,1/18/2022,3:00,7.88,0.08,0.3,85.1,27.8,0.18,33.28,111.89,138.28,9.21
1/18/2022 4:00,1/18/2022,4:00,7.78,0.15,0.3,76.3,28,0.18,34.19,101.31,141.97,8.67
1/18/2022 5:00,1/18/2022,5:00,7.81,0.1,0.3,67,27.5,0.19,32.49,84.73,135.02,8.36
1/18/2022 6:00,1/18/2022,6:00,7.83,0.06,0.3,58.3,27,0.2,31.3,71.83,130.15,7.62
1/18/2022 7:00,1/18/2022,7:00,7.85,0.05,0.3,52.5,26.6,0.22,30.21,63.24,125.7,7.4
1/18/2022 8:00,1/18/2022,8:00,7.86,0.03,0.3,47.3,26.4,0.23,29.27,53.77,121.86,7.32
1/18/2022 9:00,1/18/2022,9:00,7.87,0.03,0.3,38.1,26.2,0.25,28.4,46.13,118.27,7.47
1/18/2022 10:00,1/18/2022,10:00,7.9,0,0.3,32.4,26.2,0.25,27.68,40.23,115.35,7.54
1/18/2022 11:00,1/18/2022,11:00,7.9,0,0.3,22.4,26.3,0.24,27.24,34.98,113.52,7.3
1/18/2022 12:00,1/18/2022,12:00,7.92,0,0.3,22.8,26.5,0.25,26.56,29.71,110.76,7.26
1/18/2022 13:00,1/18/2022,13:00,7.91,0,0.3,23.6,26.8,0.25,26,25.53,108.44,7.26
1/18/2022 14:00,1/18/2022,14:00,7.94,0,0.3,21.7,27.3,0.26,25.48,21.39,106.33,7.32
1/18/2022 15:00,1/18/2022,15:00,7.96,0,0.3,21.6,27.7,0.26,25.18,17.94,105.09,7.35
1/18/2022 16:00,1/18/2022,16:00,7.97,0,0.3,20.2,28.1,0.26,24.9,15.53,103.97,7.26
1/18/2022 17:00,1/18/2022,17:00,7.96,0,0.3,18.2,28.3,0.26,24.63,14.22,102.83,7.19
1/18/2022 18:00,1/18/2022,18:00,7.97,0,0.3,17.1,28.4,0.27,24.47,12.69,102.21,7.32
1/18/2022 19:00,1/18/2022,19:00,7.98,0.01,0.3,18.2,28.3,0.28,24.36,10.86,101.76,7.9
1/18/2022 20:00,1/18/2022,20:00,7.99,0.01,0.3,18.7,28.2,0.28,24.21,8.79,101.12,7.95
1/18/2022 21:00,1/18/2022,21:00,7.99,0.02,0.3,17.8,28,0.28,24.05,8.28,100.47,8.07
1/18/2022 22:00,1/18/2022,22:00,8,0.02,0.3,17.2,27.8,0.29,23.92,7.34,99.95,8.1
1/18/2022 23:00,1/18/2022,23:00,8,0.03,0.3,16.7,27.6,0.29,23.78,6.31,99.39,8.09
1/19/2022 0:00,1/19/2022,0:00,8,0.03,0.3,16.1,27.3,0.29,23.67,5.83,98.94,8.1
1/19/2022 1:00,1/19/2022,1:00,8,0.01,0.3,15.9,27,0.28,23.6,5.23,98.65,8.16
1/19/2022 2:00,1/19/2022,2:00,8.01,0.02,0.3,15.7,26.7,0.29,23.5,4.4,98.24,8.19
1/19/2022 3:00,1/19/2022,3:00,8.01,0.03,0.3,15.1,26.4,0.28,23.43,3.8,97.94,8.19
1/19/2022 4:00,1/19/2022,4:00,8.02,0.02,0.3,14.8,26.1,0.28,23.3,3.27,97.43,8.22
1/19/2022 5:00,1/19/2022,5:00,8.02,0.03,0.3,14.3,25.9,0.28,23.23,2.78,97.13,8.27
1/19/2022 6:00,1/19/2022,6:00,8.03,0.02,0.3,14,25.7,0.28,23.18,2.57,96.92,8.29
1/19/2022 7:00,1/19/2022,7:00,8.03,0.01,0.3,13.8,25.5,0.28,23.13,2.23,96.7,8.24
1/19/2022 8:00,1/19/2022,8:00,8.04,0.04,0.3,12,25.4,0.28,23.07,1.99,96.46,8.38
1/19/2022 9:00,1/19/2022,9:00,8.03,0,0.3,13,25.4,0.27,23.01,1.68,96.23,8.34
1/19/2022 10:00,1/19/2022,10:00,8.04,0,0.3,13.1,25.6,0.26,22.94,1.65,95.94,7.93
1/19/2022 11:00,1/19/2022,11:00,8.04,0,0.3,13.1,25.8,0.25,22.9,1.13,95.76,7.95
1/19/2022 12:00,1/19/2022,12:00,8.04,0.01,0.3,12.8,26.2,0.24,22.86,1.18,95.59,7.79
1/19/2022 13:00,1/19/2022,13:00,8.06,0,0.3,12.7,26.7,0.24,22.82,0.9,95.45,7.9
1/19/2022 14:00,1/19/2022,14:00,8.06,0,0.3,11.9,27.3,0.24,22.77,0.51,95.25,8.04
1/19/2022 15:00,1/19/2022,15:00,8.09,0,0.3,11.5,27.9,0.23,22.74,0.36,95.12,8.16
1/19/2022 16:00,1/19/2022,16:00,8.11,0,0.3,11.7,28.5,0.22,22.75,0.26,95.17,8.29
1/19/2022 17:00,1/19/2022,17:00,8.08,0,0.3,10.5,28.9,0.22,22.75,0.17,95.16,8.12
1/19/2022 18:00,1/19/2022,18:00,8.08,0.01,0.3,11.3,29.1,0.22,22.75,0.07,95.16,8.11
1/19/2022 19:00,1/19/2022,19:00,8.07,0.01,0.3,11.5,29.1,0.23,22.75,0.06,95.15,8.52
1/19/2022 20:00,1/19/2022,20:00,8.08,0.01,0.3,11.5,28.9,0.22,22.73,0,95.07,8.5
1/19/2022 21:00,1/19/2022,21:00,8.08,0.01,0.3,11.5,28.7,0.23,22.71,0,95.01,8.43
1/19/2022 22:00,1/19/2022,22:00,8.08,0.01,0.3,11.5,28.5,0.23,22.69,0,94.93,8.36
1/19/2022 23:00,1/19/2022,23:00,8.07,0.02,0.3,11.4,28.2,0.22,22.68,0,94.86,8.59
1/20/2022 0:00,1/20/2022,0:00,8.07,0.02,0.3,11.4,28,0.22,22.64,0,94.72,8.8
1/20/2022 1:00,1/20/2022,1:00,8.08,0.01,0.3,11.3,27.7,0.21,22.62,0,94.62,8.9
1/20/2022 2:00,1/20/2022,2:00,8.07,0.02,0.3,11.3,27.4,0.21,22.59,0,94.5,8.87
1/20/2022 3:00,1/20/2022,3:00,8.07,0.02,0.3,11.5,27,0.2,22.57,0,94.41,8.95
1/20/2022 4:00,1/20/2022,4:00,8.07,0.02,0.3,11.3,26.7,0.2,22.54,0,94.29,8.98
1/20/2022 5:00,1/20/2022,5:00,8.07,0.02,0.3,11.4,26.4,0.19,22.52,0,94.2,9.05
1/20/2022 6:00,1/20/2022,6:00,8.07,0.01,0.3,11.4,26.2,0.19,22.49,0,94.09,8.97
1/20/2022 7:00,1/20/2022,7:00,8.08,0.02,0.3,11.3,26,0.18,22.46,0,93.97,8.86
1/20/2022 8:00,1/20/2022,8:00,8.09,0.02,0.3,10.3,25.8,0.18,22.44,0,93.9,8.69
1/20/2022 9:00,1/20/2022,9:00,8.09,0.02,0.3,10.1,25.8,0.18,22.42,0,93.83,8.62
1/20/2022 10:00,1/20/2022,10:00,8.13,0,0.3,10.3,25.7,0.18,22.41,0,93.77,8.92
1/20/2022 11:00,1/20/2022,11:00,8.1,0.03,0.3,49.1,27.4,0.16,29.9,74.13,124.44,9.47
1/20/2022 12:00,1/20/2022,12:00,7.9,0.06,0.4,24.8,31.1,0.28,0,108.82,0,7.88
1/20/2022 13:00,1/20/2022,13:00,7.91,1.19,0.5,15,31.6,0.32,42.32,15.34,175.27,9.1
1/20/2022 14:00,1/20/2022,14:00,7.93,0.99,0.5,12.3,32,0.3,43.64,11.43,180.67,9.32
1/20/2022 15:00,1/20/2022,15:00,7.97,0.85,0.5,11.1,31.9,0.3,43.6,11.14,180.51,9.17
1/20/2022 16:00,1/20/2022,16:00,7.97,0.68,0.5,12.1,31.7,0.32,42.78,12.84,177.14,8.55
1/20/2022 17:00,1/20/2022,17:00,7.98,0.55,0.5,12.3,31.4,0.33,42.75,13.83,177.03,8.42
1/20/2022 18:00,1/20/2022,18:00,7.96,0.4,0.5,12.5,31.3,0.34,43.5,13.84,180.11,8.52
1/20/2022 19:00,1/20/2022,19:00,7.99,0.4,0.4,12.6,30.8,0.39,42.03,13.5,174.09,8.77
1/20/2022 20:00,1/20/2022,20:00,7.92,0.76,0.4,11.6,30.7,0.35,41.65,10.47,172.51,9.59
1/20/2022 21:00,1/20/2022,21:00,7.9,0.99,0.4,10.7,30.7,0.35,41.69,7.32,172.68,9.87
1/20/2022 22:00,1/20/2022,22:00,7.88,1.01,0.5,10.1,30.8,0.35,43.06,5.64,178.3,10.02
1/20/2022 23:00,1/20/2022,23:00,7.87,1.17,0.5,9.5,30.8,0.35,44.06,4.7,182.37,10.11
1/21/2022 0:00,1/21/2022,0:00,7.86,1.07,0.5,8.9,30.7,0.34,44.97,5.24,186.11,10.16
1/21/2022 1:00,1/21/2022,1:00,7.86,1.26,0.5,9.5,30.6,0.34,44.61,4.47,184.66,10.39
1/21/2022 2:00,1/21/2022,2:00,7.86,1.11,0.5,9.4,30.5,0.34,44.56,3.6,184.43,10.55
1/21/2022 3:00,1/21/2022,3:00,7.85,1.25,0.5,8.7,30.6,0.32,44.84,2.71,185.59,10.54
1/21/2022 4:00,1/21/2022,4:00,7.84,1.26,0.5,8.4,30.5,0.32,45.52,3.11,188.35,10.42
1/21/2022 5:00,1/21/2022,5:00,7.85,1.36,0.5,9.5,30.2,0.31,43.9,4.95,181.72,9.64
1/21/2022 6:00,1/21/2022,6:00,7.85,1.3,0.5,10.6,30,0.3,42.48,6.65,175.91,9.83
1/21/2022 7:00,1/21/2022,7:00,7.84,1.25,0.5,10,30,0.32,42.93,5.61,177.78,10.01
1/21/2022 8:00,1/21/2022,8:00,7.88,1.47,0.5,10.7,30,0.34,42.86,5.77,177.5,10.24
1/21/2022 9:00,1/21/2022,9:00,7.85,1.37,0.4,10.6,30.2,0.31,40.36,6.39,167.25,9.15
1/21/2022 12:00,1/21/2022,12:00,8.15,4.05,21.2,0,26,0.23,0,69.26,0,2.94
1/21/2022 13:00,1/21/2022,13:00,7.85,0.8,0.3,41.9,31.6,0.16,31.53,100.53,131.09,18.74
1/24/2022 14:00,1/24/2022,14:00,7.84,1.39,0.3,28.9,31.6,0.16,32.1,46.19,133.44,15.64
1/24/2022 15:00,1/24/2022,15:00,7.83,1.07,0.3,19.2,32.1,0.17,34.37,19.71,142.74,15.38
1/24/2022 16:00,1/24/2022,16:00,7.83,1.54,0.3,12.8,31.7,0.19,34.58,14.36,143.57,14.93
1/24/2022 17:00,1/24/2022,17:00,7.8,1.44,0.4,12.6,31.8,0.19,38.65,14.08,160.24,15.32
1/24/2022 18:00,1/24/2022,18:00,7.78,1.35,0.4,11.7,31.6,0.18,39.85,11.82,165.17,15.17
1/24/2022 19:00,1/24/2022,19:00,7.78,1.47,0.4,12.3,31.5,0.2,42.01,13.55,174,15.13
1/24/2022 20:00,1/24/2022,20:00,7.79,1.56,0.4,13.3,31.2,0.2,39.94,13.99,165.54,14.37
1/24/2022 21:00,1/24/2022,21:00,7.77,1.49,0.4,10.9,31.1,0.21,39.79,9.06,164.93,14.51
1/24/2022 22:00,1/24/2022,22:00,7.77,1.42,0.4,10.4,31.1,0.2,40.41,8.54,167.45,14.87
1/29/2022 18:00,1/29/2022,18:00,7.89,1.73,0.5,11,32.9,0.27,43.45,9.62,179.89,11.8
1/29/2022 19:00,1/29/2022,19:00,7.88,1.82,0.5,10.9,33.1,0.3,47.14,10.14,195,12.18
1/29/2022 20:00,1/29/2022,20:00,7.87,1.79,0.5,8.5,33.4,0.31,50.27,6.71,207.82,12.54
1/29/2022 21:00,1/29/2022,21:00,7.86,1.75,0.5,7.1,33.3,0.31,51.03,5.14,210.94,12.32
1/29/2022 22:00,1/29/2022,22:00,7.86,1.85,0.5,6.5,33.1,0.33,50.72,4.7,209.67,12.33
1/29/2022 23:00,1/29/2022,23:00,7.85,1.81,0.5,6.3,33,0.33,51.95,3.45,214.68,12.18
1/30/2022 0:00,1/30/2022,0:00,7.85,1.82,0.5,8.3,33.1,0.4,54.67,7.64,225.82,12.63
1/30/2022 1:00,1/30/2022,1:00,7.85,2,0.5,8.7,32.6,0.51,54.07,8.23,223.38,11.85
1/30/2022 2:00,1/30/2022,2:00,7.83,1.75,0.5,8.3,32.6,0.47,56,5.31,231.29,12.27
1/30/2022 3:00,1/30/2022,3:00,7.83,1.86,0.5,7.5,32.4,0.45,54.89,5.71,226.74,11.87
1/30/2022 4:00,1/30/2022,4:00,7.82,1.76,0.5,7.1,32.5,0.42,54.66,3.71,225.8,12.13
1/30/2022 5:00,1/30/2022,5:00,7.82,1.84,0.5,7.2,32.4,0.42,54.49,3.92,225.11,11.83
1/30/2022 6:00,1/30/2022,6:00,7.82,1.82,0.5,7.3,32.3,0.4,52.49,4.17,216.91,12.19
1/30/2022 7:00,1/30/2022,7:00,7.82,1.74,0.5,7.2,32.4,0.38,52.2,4.09,215.72,12.12
1/30/2022 8:00,1/30/2022,8:00,7.82,1.85,0.5,7.5,32.5,0.39,51.32,4.84,212.11,12.13
1/30/2022 9:00,1/30/2022,9:00,7.82,1.62,0.5,7.6,32.5,0.39,51.74,4.22,213.84,12.21
1/30/2022 10:00,1/30/2022,10:00,7.86,2.12,0.5,6.9,32.5,0.38,51.87,3.98,214.34,12.28
1/30/2022 11:00,1/30/2022,11:00,7.87,2.09,0.5,7.6,32.6,0.37,52.05,4.29,215.12,12.13
1/30/2022 12:00,1/30/2022,12:00,7.87,2.16,0.5,7.1,32.9,0.38,51.88,4.04,214.41,11.63
1/30/2022 13:00,1/30/2022,13:00,7.89,2.15,0.4,14.5,31.7,0.39,42.27,7.38,175.08,10.31
1/30/2022 14:00,1/30/2022,14:00,7.87,1.35,0.4,20.4,31.6,0.32,38.04,19.78,157.75,9.24
1/30/2022 15:00,1/30/2022,15:00,7.88,1.25,0.4,17.3,32.1,0.32,40.44,15.13,167.56,10.54
1/30/2022 16:00,1/30/2022,16:00,7.87,1.29,0.4,13.6,32.4,0.33,43.71,10.94,180.95,11.26
1/30/2022 17:00,1/30/2022,17:00,7.88,1.24,0.5,15.4,32.4,0.37,46.15,13.87,190.95,11.62
1/30/2022 18:00,1/30/2022,18:00,7.9,1.29,0.5,17,32.1,0.4,46.95,16.64,194.24,11.83
1/30/2022 19:00,1/30/2022,19:00,7.91,1.29,0.5,14.3,31.9,0.42,46.04,12.02,190.51,11.99
1/30/2022 20:00,1/30/2022,20:00,7.9,1.5,0.5,12.6,31.7,0.39,44.16,10.65,182.8,11.07
1/30/2022 21:00,1/30/2022,21:00,7.89,1.72,0.4,16.2,30.9,0.37,40.4,12.21,167.42,10.46
1/30/2022 22:00,1/30/2022,22:00,7.88,1.62,0.4,16.3,30.5,0.36,38.3,12.31,158.8,10.16
1/30/2022 23:00,1/30/2022,23:00,7.87,1.35,0.4,16.3,30.1,0.37,36.12,12.82,149.91,10.55
1/31/2022 0:00,1/31/2022,0:00,7.87,1.47,0.4,16.1,29.9,0.36,35.23,11.07,146.25,10.22
1/31/2022 1:00,1/31/2022,1:00,7.89,1.34,0.4,15.6,29.9,0.38,37.39,12.83,155.1,11.29
1/31/2022 2:00,1/31/2022,2:00,7.88,1.46,0.4,14,29.9,0.37,38.52,9.02,159.69,11.21
1/31/2022 3:00,1/31/2022,3:00,7.87,1.47,0.3,15.8,28.9,0.33,33.1,10.48,137.54,9.59
1/31/2022 4:00,1/31/2022,4:00,7.83,1.49,0.3,20.9,28.5,0.27,29.45,23.3,122.56,8.83
1/31/2022 5:00,1/31/2022,5:00,7.82,1.55,0.3,23,28.2,0.24,28.18,19.09,117.4,9.01
1/31/2022 6:00,1/31/2022,6:00,7.86,1.33,0.4,17.6,29,0.27,34.49,13.31,143.21,10.69
1/31/2022 7:00,1/31/2022,7:00,7.87,1.54,0.4,14.5,29.4,0.31,38.73,10.45,160.57,11.22
1/31/2022 8:00,1/31/2022,8:00,7.91,1.5,0.4,13.7,29.6,0.34,40.69,8.28,168.59,11.55
1/31/2022 9:00,1/31/2022,9:00,7.88,1.56,0.4,13.1,30,0.35,41.52,9.91,172.01,11.48
1/31/2022 10:00,1/31/2022,10:00,7.89,1.7,0.4,14.7,30.2,0.34,40.15,6.55,166.4,11.14
1/31/2022 11:00,1/31/2022,11:00,7.87,0.68,0.4,16.5,30,0.34,36.33,10.53,150.76,10.22
1/31/2022 12:00,1/31/2022,12:00,7.85,1.33,0.3,21.7,30.3,0.35,33.91,18.95,140.85,9.37
1/31/2022 13:00,1/31/2022,13:00,7.87,0.85,0.4,22.4,31,0.36,34.08,21.61,141.53,10.51
1/31/2022 14:00,1/31/2022,14:00,7.92,0.46,0.4,36.5,31.6,0.33,34.89,43.51,144.86,10.86
1/31/2022 15:00,1/31/2022,15:00,7.88,1.13,0.4,26.8,31.6,0.31,36.91,32.35,153.13,11.53
1/31/2022 16:00,1/31/2022,16:00,7.9,0.94,0.4,21.8,31.9,0.35,40.82,21.23,169.14,12.19
1/31/2022 17:00,1/31/2022,17:00,7.92,0.88,0.4,17.7,31.8,0.38,41.73,16.11,172.87,12.49
1/31/2022 18:00,1/31/2022,18:00,7.9,0.86,0.4,25.9,31.3,0.35,40.61,15.68,168.27,11.7
1/31/2022 19:00,1/31/2022,19:00,7.86,0.3,0.3,202.6,29.4,0.29,37.03,264.37,153.6,10.09
1/31/2022 20:00,1/31/2022,20:00,7.78,1.01,0.2,297.5,27.6,0.2,44.47,428.7,184.05,8.95
1/31/2022 21:00,1/31/2022,21:00,7.72,1.25,0.2,246.6,27.2,0.16,39.42,360.9,163.42,8.39
1/31/2022 22:00,1/31/2022,22:00,7.69,1.08,0.2,159.9,27.2,0.15,33.03,233.08,137.25,9.9
1/31/2022 23:00,1/31/2022,23:00,7.7,1.18,0.2,92.2,27.7,0.16,28.72,127.92,119.58,10.65
2/1/2022 0:00,2/1/2022,0:00,7.74,1.24,0.3,67.8,28.4,0.18,30.48,90.04,126.78,10.66
2/1/2022 1:00,2/1/2022,1:00,7.76,1.15,0.3,55.7,28.5,0.19,30.77,62.79,127.98,11.11
2/1/2022 2:00,2/1/2022,2:00,7.76,1.19,0.3,44.8,28.6,0.19,31.1,45.4,129.34,10.53
2/1/2022 3:00,2/1/2022,3:00,7.78,1.46,0.3,42.2,28.7,0.2,31.77,40.04,132.09,11.36
2/1/2022 4:00,2/1/2022,4:00,7.79,1.13,0.3,35.6,28.7,0.2,32.39,28.44,134.63,11.8
2/1/2022 5:00,2/1/2022,5:00,7.79,1.27,0.4,33.8,28.7,0.21,33.23,24.14,138.06,11.86
2/1/2022 6:00,2/1/2022,6:00,7.79,1.05,0.4,30.4,28.7,0.21,34.16,22.35,141.87,11.02
2/1/2022 7:00,2/1/2022,7:00,7.82,1.05,0.4,30.9,28.9,0.24,36.76,21.4,152.53,11.5
2/1/2022 8:00,2/1/2022,8:00,7.85,1.05,0.4,29.4,29.4,0.27,40.91,21.26,169.5,12.62
2/1/2022 9:00,2/1/2022,9:00,7.87,1.01,0.4,30,29.3,0.27,36.31,17.08,150.67,10.61
2/1/2022 10:00,2/1/2022,10:00,7.83,1.2,0.4,29.1,29.4,0.24,35.81,19.12,148.63,10.66
2/1/2022 11:00,2/1/2022,11:00,7.83,0.73,0.4,27.8,29.9,0.27,35.47,18.46,147.24,10.39
2/1/2022 12:00,2/1/2022,12:00,7.84,0.58,0.4,25.3,30.7,0.29,35.96,15.34,149.25,10.42
2/1/2022 13:00,2/1/2022,13:00,7.88,0.96,0.4,24.5,31.4,0.3,34.96,12.29,145.13,10.7
2/1/2022 14:00,2/1/2022,14:00,7.88,1.11,0.4,25.2,31.5,0.27,34.36,10.28,142.69,10.29
2/1/2022 15:00,2/1/2022,15:00,7.87,0.94,0.4,24.1,31.4,0.25,35.83,11.11,148.7,9.7
2/1/2022 16:00,2/1/2022,16:00,7.87,0.54,0.4,32.3,30.7,0.26,31.75,25.87,131.97,9.59
2/1/2022 17:00,2/1/2022,17:00,7.88,0.54,0.3,28.7,30.3,0.27,30.46,18.76,126.72,8.13
2/1/2022 18:00,2/1/2022,18:00,7.88,0.16,0.3,25.5,29.8,0.29,28.72,12.68,119.58,7.03
2/1/2022 19:00,2/1/2022,19:00,7.9,0.08,0.3,23.5,29.2,0.32,28.44,9.35,118.47,5.96
2/1/2022 20:00,2/1/2022,20:00,7.93,0.06,0.3,21.7,28.8,0.32,27.67,9.13,115.32,6.5
2/1/2022 21:00,2/1/2022,21:00,7.94,0.04,0.3,20.2,28.3,0.34,27.06,4.23,112.81,6.47
2/1/2022 22:00,2/1/2022,22:00,7.95,0.04,0.3,19.4,27.9,0.35,26.56,3.04,110.74,6.56
2/1/2022 23:00,2/1/2022,23:00,7.97,0,0.3,25.4,28,0.36,26.13,3.27,108.98,7.65
2/2/2022 0:00,2/2/2022,0:00,7.97,0,0.3,24.6,27.9,0.36,25.97,7.37,108.32,6.32
2/2/2022 1:00,2/2/2022,1:00,7.97,0,0.3,25.9,27.4,0.36,25.79,6.52,107.62,6.81
2/2/2022 2:00,2/2/2022,2:00,7.98,0,0.3,22.9,27,0.36,25.59,6.32,106.79,6.41
2/2/2022 3:00,2/2/2022,3:00,7.98,0,0.3,22.8,26.6,0.36,25.42,5.92,106.07,6.02
2/2/2022 4:00,2/2/2022,4:00,7.97,0,0.3,22.3,26.3,0.36,25.28,5.7,105.5,5.89
2/2/2022 5:00,2/2/2022,5:00,7.98,0,0.3,20.3,26.1,0.37,25.14,5.33,104.95,6.01
2/2/2022 6:00,2/2/2022,6:00,7.98,0,0.3,19.4,25.8,0.37,25,5.63,104.35,5.95
2/2/2022 7:00,2/2/2022,7:00,7.99,0,0.3,18.8,25.7,0.38,24.9,5.39,103.96,6.03
2/2/2022 8:00,2/2/2022,8:00,7.98,0,0.3,21.5,25.5,0.38,24.82,4.93,103.62,6.18
2/2/2022 9:00,2/2/2022,9:00,8.01,0,0.3,20.6,25.5,0.39,24.74,4.98,103.32,6.5
2/2/2022 10:00,2/2/2022,10:00,7.99,0,0.3,19,25.5,0.36,24.72,4.72,103.23,6.73
2/2/2022 11:00,2/2/2022,11:00,7.97,0,0.3,18.7,25.7,0.35,24.78,4.91,103.46,6.9
2/2/2022 12:00,2/2/2022,12:00,8,0,0.3,18.9,25.9,0.35,24.7,4.23,103.15,7.17
2/2/2022 13:00,2/2/2022,13:00,7.98,0,0.3,18.5,26.2,0.34,24.76,3.83,103.37,7.14
2/2/2022 14:00,2/2/2022,14:00,8,0,0.3,18,26.4,0.33,24.81,3.51,103.6,7.22
2/2/2022 15:00,2/2/2022,15:00,7.98,0,0.3,17.7,26.5,0.33,24.81,4.33,103.57,7.1
2/2/2022 16:00,2/2/2022,16:00,7.97,0,0.3,16.3,26.5,0.34,24.84,4.44,103.71,7.03
2/2/2022 17:00,2/2/2022,17:00,7.96,0,0.3,16.7,26.5,0.34,24.8,3.9,103.53,7.2
2/2/2022 18:00,2/2/2022,18:00,7.94,0,0.3,16.3,26.4,0.34,24.77,4.59,103.43,7.33
2/2/2022 19:00,2/2/2022,19:00,7.95,0,0.3,16.7,26.3,0.33,24.79,4.31,103.51,7.35
2/2/2022 20:00,2/2/2022,20:00,7.96,0,0.3,17,26.2,0.37,24.4,4.1,101.93,7.75
2/2/2022 21:00,2/2/2022,21:00,7.99,0,0.3,17,26.1,0.39,23.85,3.04,99.64,8
2/2/2022 22:00,2/2/2022,22:00,8,0,0.3,17.1,25.9,0.39,23.61,2.7,98.66,7.71
2/2/2022 23:00,2/2/2022,23:00,8.01,0,0.3,17.2,25.8,0.39,23.56,2,98.46,7.45
2/3/2022 0:00,2/3/2022,0:00,7.99,0,0.3,17.3,25.6,0.4,23.5,1.73,98.22,7.26
2/3/2022 1:00,2/3/2022,1:00,7.97,0,0.3,17.5,25.4,0.4,23.45,1.74,98.01,7.13
2/3/2022 2:00,2/3/2022,2:00,7.98,0,0.3,17,25.2,0.4,23.37,1.39,97.7,7
2/3/2022 3:00,2/3/2022,3:00,8,0,0.3,18,25.1,0.4,23.32,1.18,97.48,7.05
2/3/2022 4:00,2/3/2022,4:00,8,0,0.3,18.2,25,0.4,23.3,1.33,97.39,7.46
2/3/2022 5:00,2/3/2022,5:00,8.01,0,0.3,18.4,24.8,0.4,23.3,1.89,97.4,7.95
2/3/2022 6:00,2/3/2022,6:00,8.01,0,0.3,18.4,24.7,0.4,23.27,1.61,97.27,7.97
2/3/2022 7:00,2/3/2022,7:00,8.02,0,0.3,18.6,24.6,0.4,23.27,1.69,97.29,7.94
2/3/2022 8:00,2/3/2022,8:00,8.02,0,0.3,18.5,24.6,0.4,23.25,2.28,97.19,7.91
2/3/2022 9:00,2/3/2022,9:00,8.04,0,0.3,18.7,24.6,0.4,23.26,2.44,97.23,7.92
2/3/2022 10:00,2/3/2022,10:00,8,0,0.3,18.9,24.8,0.39,23.28,2.83,97.33,7.87
2/3/2022 11:00,2/3/2022,11:00,7.99,0,0.3,19.2,25.1,0.41,23.32,2.72,97.5,8
2/3/2022 12:00,2/3/2022,12:00,8.03,0,0.3,19.3,25.5,0.42,23.42,3.36,97.9,8.29
2/3/2022 13:00,2/3/2022,13:00,8.68,4.53,0.5,6.3,27,0.11,0,85.95,0,28.7
2/3/2022 14:00,2/3/2022,14:00,8.59,4.68,0.6,7,26,0.06,0,88.27,0,47.3
2/3/2022 15:00,2/3/2022,15:00,7.87,2.27,0.4,13.4,29.8,0.16,35.14,25.5,145.87,19.11
2/3/2022 16:00,2/3/2022,16:00,7.77,2.41,0.3,24,28.1,0.13,26.55,54.32,110.72,14.94
2/3/2022 17:00,2/3/2022,17:00,7.87,2.08,0.3,22.2,28.3,0.15,28.67,46.91,119.4,14.89
2/3/2022 18:00,2/3/2022,18:00,7.84,2.05,0.4,16.4,29,0.16,34.72,31.57,144.18,15.62
2/3/2022 19:00,2/3/2022,19:00,7.8,1.79,0.3,25.9,28.1,0.15,29.41,55.22,122.4,13.72
2/3/2022 20:00,2/3/2022,20:00,7.75,1.63,0.3,21.2,27.5,0.13,26.05,40.86,108.68,12.18
2/3/2022 21:00,2/3/2022,21:00,7.74,1.72,0.3,19.2,27.5,0.13,26.57,38.92,110.78,11.68
2/3/2022 22:00,2/3/2022,22:00,7.77,1.57,0.3,19,28,0.14,31.54,35.36,131.15,13.11
2/3/2022 23:00,2/3/2022,23:00,7.79,1.63,0.4,15.2,28.6,0.14,35.56,25.04,147.6,13.54
2/4/2022 0:00,2/4/2022,0:00,7.8,1.55,0.4,12.5,28.8,0.15,37.42,16.81,155.22,13.51
2/4/2022 1:00,2/4/2022,1:00,7.85,1.59,0.4,10.9,28.7,0.18,36.42,13.39,151.11,12.7
2/4/2022 2:00,2/4/2022,2:00,7.83,1.43,0.4,10.8,29.1,0.19,40,13.27,165.76,0.13
2/4/2022 3:00,2/4/2022,3:00,7.82,1.34,0.4,10.7,29,0.2,40.07,12.77,166.06,13.05
2/4/2022 4:00,2/4/2022,4:00,7.82,1.28,0.4,9.4,29.1,0.21,40.64,9.16,168.38,12.98
2/4/2022 5:00,2/4/2022,5:00,7.83,1.16,0.4,8.7,29.2,0.22,41.91,6.74,173.6,13.22
2/4/2022 6:00,2/4/2022,6:00,7.82,0.81,0.4,8.5,29.1,0.24,42.39,6.21,175.56,12.92
2/4/2022 7:00,2/4/2022,7:00,7.83,1.02,0.4,8.6,28.7,0.26,40.21,6.2,166.62,11.98
2/4/2022 8:00,2/4/2022,8:00,7.85,0.77,0.4,9.7,29,0.31,41.01,10.22,169.9,12.99
2/4/2022 9:00,2/4/2022,9:00,7.84,0.87,0.4,9.1,29.4,0.32,41.59,7.43,172.27,12.68
2/4/2022 10:00,2/4/2022,10:00,7.85,0.75,0.4,9.3,29.7,0.37,40.14,7.37,166.35,11.42
2/4/2022 11:00,2/4/2022,11:00,7.84,0.55,0.4,10.2,30.2,0.42,40.71,10.89,168.7,13.07
2/4/2022 12:00,2/4/2022,12:00,7.9,0.61,0.4,10.4,31.1,0.47,40.88,11.9,169.38,13.6
2/4/2022 13:00,2/4/2022,13:00,7.87,0.41,0.4,17.1,30.3,0.35,34.59,27.29,143.61,9.65
2/4/2022 14:00,2/4/2022,14:00,7.85,0.68,0.4,13.6,30.3,0.3,35.53,19.61,147.49,11.81
2/4/2022 15:00,2/4/2022,15:00,7.81,0.17,0.2,70.2,26.8,0.18,25.32,225.52,105.66,7.74
2/4/2022 16:00,2/4/2022,16:00,7.72,0.76,0.1,170.8,25.3,0.09,39.35,464.45,163.11,6.46
2/4/2022 17:00,2/4/2022,17:00,7.66,0.75,0.1,153.5,25.3,0.07,39.13,422.14,162.21,8.31
2/4/2022 18:00,2/4/2022,18:00,7.63,0.82,0.1,129.3,25.3,0.06,35.73,336.9,148.27,7.63
2/4/2022 19:00,2/4/2022,19:00,7.59,0.75,0.1,100.1,25.5,0.06,32.17,263.02,133.74,8.55
2/4/2022 20:00,2/4/2022,20:00,7.56,0.83,0.1,109.2,25.5,0.05,33.74,300.83,140.14,8.75
2/4/2022 21:00,2/4/2022,21:00,7.6,0.71,0.1,86.5,25.7,0.06,31.28,222.29,130.06,8.81
2/4/2022 22:00,2/4/2022,22:00,7.63,0.9,0.1,85.2,25.8,0.05,31.22,221.16,129.82,9.01
2/4/2022 23:00,2/4/2022,23:00,7.65,0.91,0.2,68.9,25.9,0.06,29.56,164.02,123.04,8.8
2/5/2022 0:00,2/5/2022,0:00,7.66,0.82,0.2,61.1,26.1,0.07,28.55,138.76,118.91,8.97
2/5/2022 1:00,2/5/2022,1:00,7.66,0.72,0.2,53.8,26.2,0.08,28.25,106.58,117.67,9.4
2/5/2022 2:00,2/5/2022,2:00,7.68,0.71,0.2,49.1,26.2,0.09,28.54,88.83,118.86,9.56
2/5/2022 3:00,2/5/2022,3:00,7.7,0.62,0.2,44.9,26.3,0.11,28.99,77.39,120.71,9.6
2/5/2022 4:00,2/5/2022,4:00,7.7,0.43,0.2,43.4,26.3,0.11,28.48,68.64,118.6,9.44
2/5/2022 5:00,2/5/2022,5:00,7.7,0.59,0.2,40.6,26.2,0.11,28.16,60.17,117.29,9.38
2/5/2022 6:00,2/5/2022,6:00,7.73,0.74,0.2,37.6,26.4,0.12,28.52,51.75,118.8,9.64
2/5/2022 7:00,2/5/2022,7:00,7.76,1.1,0.2,42.1,26.3,0.1,28.6,71.56,119.11,9.92
2/5/2022 8:00,2/5/2022,8:00,7.77,0.87,0.3,36.1,26.7,0.12,28.58,48.08,119.03,10.05
2/5/2022 9:00,2/5/2022,9:00,7.78,0.73,0.3,35.8,26.9,0.12,28.88,46.6,120.24,10.14
2/5/2022 10:00,2/5/2022,10:00,7.83,0.53,0.3,39,27.1,0.12,29.15,58.1,121.34,10.78
2/5/2022 11:00,2/5/2022,11:00,7.85,0.75,0.3,34.1,27.7,0.14,29.43,44.81,122.52,10.08
2/5/2022 12:00,2/5/2022,12:00,7.81,0.55,0.3,33,27.8,0.13,27.46,38.36,114.43,9.16
2/5/2022 13:00,2/5/2022,13:00,7.83,0.49,0.3,32.9,28.3,0.14,28.59,39.48,119.08,10.72
2/5/2022 14:00,2/5/2022,14:00,7.84,0.25,0.3,30.7,28.3,0.14,28.06,37.74,116.9,9.56
2/5/2022 15:00,2/5/2022,15:00,7.82,0.54,0.3,31.2,28.3,0.13,25.82,41.32,107.72,9.6
2/5/2022 16:00,2/5/2022,16:00,7.83,0.19,0.3,33,28.3,0.16,27.51,45.97,114.64,11.93
2/5/2022 17:00,2/5/2022,17:00,7.83,0.5,0.3,39.9,28,0.15,27.14,63.97,113.11,9.18
2/5/2022 18:00,2/5/2022,18:00,7.8,0.57,0.3,42.7,27.8,0.13,27.9,74.8,116.26,11.56
2/5/2022 19:00,2/5/2022,19:00,7.8,0.87,0.3,38.7,27.6,0.13,25.41,60.87,106.05,8.52
2/5/2022 20:00,2/5/2022,20:00,7.79,0.72,0.3,33.7,27.6,0.14,27.64,46.49,115.16,10.53
2/5/2022 21:00,2/5/2022,21:00,7.8,0.61,0.3,33,27.8,0.15,29.18,42.2,121.47,10.76
2/5/2022 22:00,2/5/2022,22:00,7.81,0.72,0.3,30.6,27.9,0.15,30.28,33.74,125.96,10.98
2/5/2022 23:00,2/5/2022,23:00,7.81,0.42,0.3,28.9,27.9,0.15,30.08,28.97,125.17,11.18
2/6/2022 0:00,2/6/2022,0:00,7.81,0.48,0.3,28.1,27.9,0.15,30.56,24.47,127.11,11.49
2/6/2022 1:00,2/6/2022,1:00,7.82,0.41,0.3,27.9,27.7,0.16,31.13,24.11,129.45,11.63
2/6/2022 2:00,2/6/2022,2:00,7.83,0.88,0.3,28.1,27.6,0.16,31.53,23.18,131.08,11.71
2/6/2022 3:00,2/6/2022,3:00,7.83,1.1,0.3,30.8,27.3,0.15,31.74,37.72,131.96,11.73
2/6/2022 4:00,2/6/2022,4:00,7.85,0.95,0.3,28.9,27.6,0.17,33.07,25.12,137.39,11.82
2/6/2022 5:00,2/6/2022,5:00,7.84,0.99,0.3,29,27.5,0.17,31.69,20.27,131.73,10.54
2/6/2022 6:00,2/6/2022,6:00,7.84,0.85,0.3,37.2,27.6,0.17,32.75,19.58,136.09,11.73
2/6/2022 7:00,2/6/2022,7:00,7.83,0.89,0.3,38,27.5,0.16,30.25,12.12,125.86,10.61
2/6/2022 8:00,2/6/2022,8:00,7.81,0.74,0.3,51.2,27.6,0.17,31.22,17.16,129.84,11.6
2/6/2022 9:00,2/6/2022,9:00,7.82,0.48,0.3,22.4,27.7,0.18,30.94,15.47,128.67,11.31
2/6/2022 10:00,2/6/2022,10:00,7.83,0.64,0.3,24.1,28.1,0.21,32.12,17.87,133.53,12.22
2/6/2022 11:00,2/6/2022,11:00,7.85,0.36,0.4,22.4,28.8,0.21,32.49,15.86,135.01,11.96
2/6/2022 12:00,2/6/2022,12:00,7.9,0.36,0.4,22.5,28.7,0.22,34.35,17.67,142.65,13.48
2/6/2022 13:00,2/6/2022,13:00,7.91,0.48,0.4,17.4,28.9,0.23,35.08,14.36,145.61,13.91
2/6/2022 14:00,2/6/2022,14:00,7.93,0.37,0.4,16.3,29.1,0.24,36.16,15.08,150.07,14.1
2/6/2022 15:00,2/6/2022,15:00,7.92,0.23,0.4,17.2,29.2,0.23,32.28,6.7,134.19,11.35
2/6/2022 16:00,2/6/2022,16:00,7.92,0.27,0.4,16.3,29.3,0.23,34.21,12.68,142.08,11.41
2/6/2022 17:00,2/6/2022,17:00,7.9,0.33,0.4,15.5,29.3,0.24,34.38,14.93,142.77,13.17
2/6/2022 18:00,2/6/2022,18:00,7.87,0.24,0.4,16.4,29.4,0.23,35.27,11.64,146.43,14.13
2/6/2022 19:00,2/6/2022,19:00,7.88,0.23,0.4,15.7,29.6,0.26,39.61,9.68,164.16,14.87
2/6/2022 20:00,2/6/2022,20:00,7.89,0.13,0.4,14.9,29.4,0.28,41.22,10.18,170.77,14.49
2/6/2022 21:00,2/6/2022,21:00,7.89,0.2,0.4,14.2,29.3,0.29,41.92,9.91,173.62,14.65
2/6/2022 22:00,2/6/2022,22:00,7.87,0.34,0.4,15.3,29,0.29,37.82,6.44,156.85,12.19
2/6/2022 23:00,2/6/2022,23:00,7.86,0.28,0.4,14.7,29.1,0.29,40.41,9.19,167.45,14.2
2/7/2022 0:00,2/7/2022,0:00,7.87,0.38,0.4,14.4,28.8,0.31,40.29,7.73,166.94,14.11
2/7/2022 1:00,2/7/2022,1:00,7.87,0.02,0.4,14.1,28.6,0.3,36.63,5.1,151.99,12.17
2/7/2022 2:00,2/7/2022,2:00,7.85,0.39,0.4,14.6,28.7,0.31,40.23,8.2,166.72,13.87
2/7/2022 3:00,2/7/2022,3:00,7.88,0.4,0.4,15.4,28.6,0.33,41.73,8.96,172.84,14.19
2/7/2022 4:00,2/7/2022,4:00,7.88,0.5,0.5,14.1,28.7,0.33,42.97,7,177.92,14.28
2/7/2022 5:00,2/7/2022,5:00,7.89,0.56,0.4,13.8,28.2,0.32,39.54,3.6,163.89,12.97
2/7/2022 6:00,2/7/2022,6:00,7.88,0.4,0.4,14.3,27.8,0.3,36.99,4.66,153.45,12.27
2/7/2022 7:00,2/7/2022,7:00,7.86,0.53,0.3,15.5,27.2,0.27,32.68,5.87,135.81,11.28
2/7/2022 8:00,2/7/2022,8:00,7.84,0.46,0.3,16.2,27,0.24,30.43,11.3,126.59,10.4
2/7/2022 9:00,2/7/2022,9:00,7.83,0.55,0.3,20.1,26.8,0.23,28.82,13.97,120,10.48
2/7/2022 10:00,2/7/2022,10:00,7.82,0.56,0.3,21,26.6,0.21,26.5,18.9,110.49,9.84
2/7/2022 11:00,2/7/2022,11:00,7.81,0.09,0.3,20.7,27.3,0.21,28.47,24.86,118.59,10.86
2/7/2022 12:00,2/7/2022,12:00,7.81,0.1,0.3,21.9,27.9,0.21,30.29,22.97,126.02,11.13
2/7/2022 13:00,2/7/2022,13:00,7.82,0.03,0.3,21.5,28.3,0.2,31.47,22.06,130.87,11
2/7/2022 14:00,2/7/2022,14:00,7.85,0.08,0.4,21.2,29.2,0.22,37.34,18.09,154.9,13.76
2/7/2022 15:00,2/7/2022,15:00,7.83,2,0.4,31.7,29.8,0.2,37.16,47.82,154.15,15.2
2/7/2022 16:00,2/7/2022,16:00,7.8,1.22,0.4,16.4,29.8,0.19,36.68,21.22,152.17,14.76
2/7/2022 17:00,2/7/2022,17:00,7.78,1.15,0.4,13.5,29.8,0.19,36.73,12.26,152.37,14.63
2/7/2022 18:00,2/7/2022,18:00,7.78,1.25,0.4,13,29.8,0.2,37.14,10.3,154.06,14.51
2/7/2022 19:00,2/7/2022,19:00,7.82,1.23,0.5,12.7,29.8,0.24,40.79,10.2,169,15.48
2/7/2022 20:00,2/7/2022,20:00,7.83,1.13,0.5,12.3,29.7,0.27,41.6,8.15,172.34,15.74
2/7/2022 21:00,2/7/2022,21:00,7.85,1.34,0.5,11.5,29.6,0.29,43.03,7.58,178.16,16.05
2/7/2022 22:00,2/7/2022,22:00,7.84,0.64,0.5,10.7,29.3,0.29,39.85,5.87,165.17,13.93
2/7/2022 23:00,2/7/2022,23:00,7.79,1.27,0.4,11,29.2,0.24,37.58,4.84,155.85,13.26
2/8/2022 0:00,2/8/2022,0:00,7.79,1.18,0.4,10.7,29.3,0.24,38.97,4.13,161.54,14.29
2/8/2022 1:00,2/8/2022,1:00,7.82,1.18,0.5,10.7,29.2,0.27,42.48,4.47,175.93,15.28
2/8/2022 2:00,2/8/2022,2:00,7.83,1.24,0.5,10.7,29.2,0.28,43.62,4.13,180.6,15.29
2/8/2022 3:00,2/8/2022,3:00,7.85,1.28,0.5,11.2,29.1,0.3,44.81,7.12,185.46,15.45
2/8/2022 4:00,2/8/2022,4:00,7.85,1,0.5,12.1,29,0.29,43.23,6.86,179,14.72
2/8/2022 5:00,2/8/2022,5:00,7.82,1.29,0.5,11.5,29,0.28,42.5,6.62,176.01,14.25
2/8/2022 6:00,2/8/2022,6:00,7.83,1.24,0.5,10.9,28.8,0.28,40.75,4.28,168.84,14.1
2/8/2022 7:00,2/8/2022,7:00,7.81,1.3,0.5,10.2,28.8,0.26,39.08,3.28,162,13.1
2/8/2022 8:00,2/8/2022,8:00,7.8,1.06,0.5,10.9,28.8,0.27,38.3,6.06,158.8,13.12
2/8/2022 9:00,2/8/2022,9:00,7.82,1.24,0.4,10.8,28.9,0.26,37.36,4.99,154.96,12.91
2/8/2022 10:00,2/8/2022,10:00,7.8,1.1,0.4,10.9,29.2,0.23,37.72,5.18,156.45,13.25
2/8/2022 11:00,2/8/2022,11:00,7.79,1.08,0.4,10.6,29.3,0.22,37.11,4.72,153.92,12.72
2/8/2022 12:00,2/8/2022,12:00,7.8,0.91,0.4,12.1,29.6,0.22,38.07,9.02,157.88,13.55
2/8/2022 13:00,2/8/2022,13:00,7.79,0.9,0.4,11.3,29.8,0.22,38.66,9.05,160.28,13.62
2/8/2022 14:00,2/8/2022,14:00,7.81,0.82,0.4,11.3,29.8,0.22,37.97,7.4,157.45,13.34
2/8/2022 15:00,2/8/2022,15:00,7.8,0.82,0.4,10.8,29.9,0.23,38.22,6.03,158.5,13.59
2/8/2022 16:00,2/8/2022,16:00,7.91,0.87,0.4,10.8,30,0.29,38.83,5.96,161.01,13.79
2/8/2022 17:00,2/8/2022,17:00,7.89,0.87,0.5,10.8,30.1,0.3,40.98,6.28,169.8,14.26
2/8/2022 18:00,2/8/2022,18:00,7.86,0.8,0.5,11,30.1,0.3,42.7,7.17,176.83,14.29
2/8/2022 19:00,2/8/2022,19:00,7.84,0.99,0.5,10.9,30.1,0.31,44.19,7.05,182.9,14.58
2/8/2022 20:00,2/8/2022,20:00,7.84,0.81,0.5,10.7,30,0.31,42.59,5.59,176.39,13.75
2/8/2022 21:00,2/8/2022,21:00,7.83,0.78,0.5,10.3,29.9,0.3,41.93,5.4,173.68,13.43
2/8/2022 22:00,2/8/2022,22:00,7.83,0.99,0.5,11.2,29.8,0.32,41.95,7.39,173.78,13.94
2/8/2022 23:00,2/8/2022,23:00,7.83,0.94,0.5,10.3,29.8,0.32,41.11,6.32,170.31,13.27
2/9/2022 0:00,2/9/2022,0:00,7.82,1.03,0.5,10.2,29.7,0.31,41.26,5.32,170.95,13.51
2/9/2022 1:00,2/9/2022,1:00,7.86,0.97,0.5,11.1,29.7,0.34,44.87,8.95,185.7,14.84
2/9/2022 2:00,2/9/2022,2:00,7.89,0.97,0.5,10.5,29.6,0.36,45.88,7.3,189.86,15.13
2/9/2022 3:00,2/9/2022,3:00,7.88,1.03,0.5,9.9,29.5,0.36,46.24,5.61,191.33,14.98
2/9/2022 4:00,2/9/2022,4:00,7.87,0.83,0.5,10.3,29.2,0.35,42.59,4.16,176.39,13.64
2/9/2022 5:00,2/9/2022,5:00,7.87,0.93,0.5,11.1,29.2,0.35,44.69,9.27,184.99,14.29
2/9/2022 6:00,2/9/2022,6:00,7.86,0.88,0.5,11.1,29,0.32,42.35,6.45,175.38,13.59
2/9/2022 7:00,2/9/2022,7:00,7.84,0.92,0.5,10.1,29.1,0.3,41.24,4.65,170.85,12.55
2/9/2022 8:00,2/9/2022,8:00,7.83,1.02,0.5,10.8,29.3,0.33,42.54,6.2,176.17,12.98
2/9/2022 9:00,2/9/2022,9:00,7.84,0.9,0.5,9.8,29.5,0.32,42.47,6.35,175.88,12.86
2/9/2022 10:00,2/9/2022,10:00,7.83,0.76,0.5,10.2,29.9,0.3,42.06,5.44,174.19,12.73
2/9/2022 11:00,2/9/2022,11:00,7.84,0.72,0.5,10.5,30.3,0.29,41.38,6.47,171.43,11.79
2/9/2022 12:00,2/9/2022,12:00,7.82,0.54,0.4,10.2,30.6,0.28,41.25,5.88,170.89,12.74
2/9/2022 13:00,2/9/2022,13:00,7.86,0.41,0.5,10,31.2,0.32,42.51,6.19,176.06,13.39
2/9/2022 14:00,2/9/2022,14:00,7.87,0.37,0.5,9.8,31.6,0.33,42.7,5.9,176.83,13.44
2/9/2022 15:00,2/9/2022,15:00,7.86,0.76,0.5,9.1,31.9,0.31,42.96,5.3,177.89,13.36
2/9/2022 16:00,2/9/2022,16:00,7.86,0.54,0.5,9.4,31.7,0.32,43.15,4.87,178.66,13.26
2/9/2022 17:00,2/9/2022,17:00,7.86,0.54,0.5,9.9,31.7,0.33,45.28,5.65,187.4,13.33
2/9/2022 18:00,2/9/2022,18:00,7.86,0.64,0.4,12.2,30.8,0.32,42.52,15.64,176.09,12.13
2/9/2022 19:00,2/9/2022,19:00,7.84,0.18,0.3,36,28.3,0.3,30.53,65.15,127.01,10.51
2/9/2022 20:00,2/9/2022,20:00,7.82,0.41,0.2,23.1,27.3,0.27,25.59,50.05,106.8,9.71
2/9/2022 21:00,2/9/2022,21:00,7.81,0.47,0.3,25.4,27.5,0.22,27.29,52.62,113.74,8.87
2/9/2022 22:00,2/9/2022,22:00,7.8,0.11,0.2,37.5,26.1,0.17,23.83,48.41,99.56,8.15
2/9/2022 23:00,2/9/2022,23:00,7.81,0.03,0.2,40.6,26,0.16,22.54,46.16,94.29,7.78
2/10/2022 0:00,2/10/2022,0:00,7.77,0.82,0.2,32.4,26.4,0.12,25.32,73.08,105.69,8.5
2/10/2022 1:00,2/10/2022,1:00,7.77,0.78,0.3,26.6,26.9,0.16,30.55,54.07,127.09,10.78
2/10/2022 2:00,2/10/2022,2:00,7.78,0.69,0.3,22.9,27.2,0.18,33.28,40.76,138.25,11.12
2/10/2022 3:00,2/10/2022,3:00,7.82,0.75,0.4,20.4,27.4,0.2,36.23,35.47,150.36,11.8
2/10/2022 4:00,2/10/2022,4:00,7.83,0.53,0.4,19.1,27.7,0.21,37.04,29.37,153.67,11.68
2/10/2022 5:00,2/10/2022,5:00,7.85,0.9,0.4,17.6,27.6,0.21,35.41,23.73,146.97,10.34
2/10/2022 6:00,2/10/2022,6:00,7.82,0.77,0.3,16.6,27.7,0.21,34.82,18.92,144.55,10.1
2/10/2022 7:00,2/10/2022,7:00,7.8,0.51,0.3,15.7,27.6,0.21,34.27,15.66,142.3,9.62
2/10/2022 8:00,2/10/2022,8:00,7.81,0.75,0.3,15.7,27.6,0.22,33.9,16.05,140.78,9.5
2/10/2022 9:00,2/10/2022,9:00,7.82,0.43,0.3,15.4,27.8,0.25,34.84,15.98,144.65,10.61
2/10/2022 10:00,2/10/2022,10:00,7.86,0.41,0.4,15.8,28.2,0.26,37.15,17.43,154.11,11.01
2/10/2022 11:00,2/10/2022,11:00,7.88,0.12,0.4,17.1,28.8,0.26,36.57,23.98,151.75,11.29
2/10/2022 12:00,2/10/2022,12:00,7.85,0.28,0.4,17.5,29.3,0.24,36.05,28.98,149.59,11.03
2/10/2022 13:00,2/10/2022,13:00,7.9,0.21,0.4,15.9,29.7,0.24,35.01,20.4,145.34,10.14
2/10/2022 14:00,2/10/2022,14:00,7.9,0.22,0.4,15.7,29.6,0.23,34.79,18.03,144.45,9.7
2/10/2022 15:00,2/10/2022,15:00,7.87,0.17,0.4,14.5,29.7,0.24,35.15,16.36,145.93,11.84
2/10/2022 16:00,2/10/2022,16:00,7.87,0.13,0.4,13.8,30.1,0.24,37.41,14.71,155.19,12.1
2/10/2022 17:00,2/10/2022,17:00,7.87,0.15,0.4,13.8,30,0.27,38.92,13.56,161.36,12.78
2/10/2022 18:00,2/10/2022,18:00,7.86,0.25,0.4,14.1,29.7,0.28,36.76,9.45,152.51,11.49
2/10/2022 19:00,2/10/2022,19:00,7.84,0.13,0.4,13.4,29.8,0.27,37.53,9.06,155.66,11.9
2/10/2022 20:00,2/10/2022,20:00,7.85,0.19,0.4,12.6,29.7,0.29,39.47,7.18,163.62,13.14
2/10/2022 21:00,2/10/2022,21:00,7.87,0.39,0.4,12.6,29.6,0.31,40.04,7.68,165.92,13.15
2/10/2022 22:00,2/10/2022,22:00,7.85,0.37,0.4,12.5,29.4,0.31,37.87,5.64,157.06,11.05
2/10/2022 23:00,2/10/2022,23:00,7.82,0.27,0.4,12.8,29.5,0.28,38.33,6.7,158.95,11.16
2/11/2022 0:00,2/11/2022,0:00,7.81,0.35,0.4,12.5,29.4,0.28,39.01,5.71,161.73,12.3
2/11/2022 1:00,2/11/2022,1:00,7.84,0.3,0.4,12.2,29.4,0.3,41.88,6.42,173.45,12.93
2/11/2022 2:00,2/11/2022,2:00,7.84,0.21,0.4,14.7,29.2,0.3,41.48,14.52,171.82,12.95
2/11/2022 3:00,2/11/2022,3:00,7.85,0.43,0.5,16.6,29.6,0.31,44.66,14.9,184.85,13.48
2/11/2022 4:00,2/11/2022,4:00,7.85,0.42,0.5,15.2,29.8,0.32,48.17,18.74,199.2,13.51
2/11/2022 5:00,2/11/2022,5:00,7.86,0.41,0.5,14.9,29.8,0.35,49.79,14.01,205.85,13.54
2/11/2022 6:00,2/11/2022,6:00,7.86,0.45,0.5,13,29.8,0.34,48.32,8.8,199.88,12.24
2/11/2022 7:00,2/11/2022,7:00,7.85,0.44,0.5,12.3,29.6,0.35,45.97,5.77,190.22,11.41
2/11/2022 8:00,2/11/2022,8:00,7.84,0.29,0.5,12.5,29.4,0.36,46.07,8.47,190.63,12.38
2/11/2022 9:00,2/11/2022,9:00,7.84,0.66,0.5,13.4,29.6,0.34,44.73,8.33,185.12,11.06
2/11/2022 10:00,2/11/2022,10:00,7.85,0.56,0.4,13.2,30,0.35,43.06,8.9,178.32,10.85
2/11/2022 11:00,2/11/2022,11:00,7.82,0.51,0.4,15.2,30.4,0.32,41.46,13.9,171.76,10.36
2/11/2022 12:00,2/11/2022,12:00,7.84,0.93,0.4,11.1,31.7,0.26,43.46,9.81,179.93,13.41
2/11/2022 13:00,2/11/2022,13:00,7.87,1.23,0.4,10.2,31.8,0.28,43.27,7.57,179.15,12.95
2/11/2022 14:00,2/11/2022,14:00,7.83,0.92,0.4,10.4,31.9,0.28,43.42,6.85,179.77,12.42
2/11/2022 15:00,2/11/2022,15:00,7.86,0.96,0.5,9.7,32.2,0.27,44.14,6.05,182.7,12.8
2/11/2022 16:00,2/11/2022,16:00,7.89,0.92,0.5,10,32.3,0.29,45.93,7.19,190.07,13.24
2/11/2022 17:00,2/11/2022,17:00,7.89,0.56,0.5,10,32.1,0.33,48.3,6.67,199.76,13.53
2/11/2022 18:00,2/11/2022,18:00,7.89,0.83,0.5,9.8,31.8,0.36,48.74,6.82,201.57,13.7
2/11/2022 19:00,2/11/2022,19:00,7.9,0.75,0.5,10.5,31.7,0.4,51.08,7.14,211.14,14.27
2/11/2022 20:00,2/11/2022,20:00,7.91,1.03,0.5,10,31.4,0.44,50.01,6.15,206.77,13.83
2/11/2022 21:00,2/11/2022,21:00,7.88,0.71,0.5,10.2,31.2,0.42,47.88,5.03,198.02,11.84
2/11/2022 22:00,2/11/2022,22:00,7.87,0.93,0.5,10.1,30.7,0.42,44.9,3.92,185.81,11.85
2/11/2022 23:00,2/11/2022,23:00,7.86,1.01,0.5,9.6,30.7,0.4,45.27,3.46,187.32,12.38
2/12/2022 0:00,2/12/2022,0:00,7.87,0.96,0.5,9.6,30.8,0.4,48.69,4.32,201.33,12.91
2/12/2022 1:00,2/12/2022,1:00,7.88,0.97,0.5,9.4,30.7,0.41,50.59,4.23,209.14,13.02
2/12/2022 2:00,2/12/2022,2:00,7.88,1.1,0.5,9.4,30.5,0.42,50.65,3.76,209.39,12.86
2/12/2022 3:00,2/12/2022,3:00,7.88,1.04,0.5,9.9,30.6,0.43,51.27,4.38,211.91,12.85
2/12/2022 4:00,2/12/2022,4:00,7.89,0.97,0.5,8.9,30.5,0.44,51.94,3.33,214.65,13.04
2/12/2022 5:00,2/12/2022,5:00,7.9,1.12,0.5,9.9,30.5,0.46,53.41,3.59,220.66,13.2
2/12/2022 6:00,2/12/2022,6:00,7.91,1.17,0.5,9.1,30.4,0.47,52.44,3.92,216.69,12.82
2/12/2022 7:00,2/12/2022,7:00,7.9,0.87,0.5,9.4,30.2,0.45,48.56,3.06,200.8,10.9
2/12/2022 8:00,2/12/2022,8:00,7.88,1.09,0.5,9.8,30.2,0.44,47.9,4.16,198.12,11.49
2/12/2022 9:00,2/12/2022,9:00,7.88,0.94,0.5,10.9,30,0.42,45.65,2.91,188.91,10.42
2/12/2022 10:00,2/12/2022,10:00,7.87,1.13,0.5,10.3,30.4,0.39,45.45,4.03,188.1,11.3
2/12/2022 11:00,2/12/2022,11:00,7.87,1.16,0.5,9.2,30.6,0.34,45.67,4.03,189,11.26
2/12/2022 12:00,2/12/2022,12:00,7.85,1.05,0.5,10.1,30.8,0.32,45.93,3.25,190.04,11.36
2/12/2022 13:00,2/12/2022,13:00,7.87,1.06,0.5,10,31.3,0.35,46.22,4.62,191.25,11.59
2/12/2022 14:00,2/12/2022,14:00,7.88,0.87,0.5,9.7,31.6,0.32,45.67,3.76,189,11.13
2/12/2022 15:00,2/12/2022,15:00,7.89,0.93,0.5,9.4,31.8,0.33,45.29,4.23,187.42,11.83
2/12/2022 16:00,2/12/2022,16:00,7.87,0.75,0.5,10,32,0.32,46.06,3.79,190.6,12.12
2/12/2022 17:00,2/12/2022,17:00,7.88,0.79,0.5,9.1,31.9,0.34,46.93,4.17,194.12,12.07
2/12/2022 18:00,2/12/2022,18:00,7.87,0.82,0.5,9.1,31.6,0.35,46.43,3.42,192.1,11.66
2/12/2022 19:00,2/12/2022,19:00,7.9,0.83,0.5,10.4,31.4,0.4,48.58,4.91,200.91,12.41
2/12/2022 20:00,2/12/2022,20:00,7.9,0.88,0.5,11.2,31.4,0.42,50.93,6.16,210.49,12.73
2/12/2022 21:00,2/12/2022,21:00,7.91,1.03,0.5,11,31.2,0.46,50.79,5.21,209.93,12.77
2/12/2022 22:00,2/12/2022,22:00,7.91,0.77,0.5,11.3,30.7,0.44,45.78,5.31,189.43,11
2/12/2022 23:00,2/12/2022,23:00,7.87,1.05,0.5,11.4,30.8,0.41,45.98,6.91,190.24,12.29
2/13/2022 0:00,2/13/2022,0:00,7.86,1.02,0.5,11.7,30.9,0.39,46.91,7.46,194.08,12.43
2/13/2022 1:00,2/13/2022,1:00,7.86,0.95,0.5,10.8,30.7,0.39,46.24,6.17,191.32,12.27
2/13/2022 2:00,2/13/2022,2:00,7.85,1.1,0.5,12.3,30.6,0.38,45.97,6.39,190.21,12.26
2/13/2022 3:00,2/13/2022,3:00,7.84,1.13,0.5,13.8,30.5,0.38,45.64,10.36,188.85,12.22
2/13/2022 4:00,2/13/2022,4:00,7.85,1.08,0.5,14.1,30.5,0.38,45.78,11.15,189.45,12.3
2/13/2022 5:00,2/13/2022,5:00,7.84,0.82,0.5,13.5,30.4,0.37,45.28,8.79,187.39,12.32
2/13/2022 6:00,2/13/2022,6:00,7.86,1.05,0.5,11.3,30.4,0.39,47.23,5.62,195.38,12.95
2/13/2022 7:00,2/13/2022,7:00,7.86,1.01,0.5,10.5,30.1,0.37,44.1,4.83,182.55,11.51
2/13/2022 8:00,2/13/2022,8:00,7.86,0.94,0.5,11.1,30.2,0.39,44.62,4.07,184.7,12.86
2/13/2022 9:00,2/13/2022,9:00,7.89,1.01,0.5,12.3,30.1,0.38,42.7,6.57,176.83,11.38
2/13/2022 10:00,2/13/2022,10:00,7.87,1.06,0.5,13.5,30.8,0.34,44.02,7.61,182.22,12.71
2/13/2022 11:00,2/13/2022,11:00,7.87,1.12,0.5,12,31.1,0.31,43.86,5.69,181.58,12.22
2/13/2022 12:00,2/13/2022,12:00,7.83,1.02,0.5,12,31,0.31,41.98,3.04,173.89,10.84
2/13/2022 13:00,2/13/2022,13:00,7.88,0.84,0.5,10.9,31.7,0.35,42.59,3.31,176.36,12.47
2/13/2022 14:00,2/13/2022,14:00,7.9,1.13,0.5,10.5,31.8,0.32,42.23,2.8,174.9,12.54
2/13/2022 15:00,2/13/2022,15:00,7.9,1.23,0.5,10.1,31.8,0.32,42.13,2.52,174.51,12.31
2/13/2022 16:00,2/13/2022,16:00,7.89,1.16,0.5,11.4,31.8,0.31,41.01,2.71,169.9,11.69
2/13/2022 17:00,2/13/2022,17:00,7.88,1.04,0.5,11.5,31.6,0.32,41.38,2.82,171.44,11.97
2/13/2022 18:00,2/13/2022,18:00,7.89,0.86,0.4,15.1,30.1,0.33,33.21,8.71,137.96,9.79
2/13/2022 19:00,2/13/2022,19:00,7.88,1.08,0.3,22,29.5,0.31,31.38,23.15,130.49,9.24
2/13/2022 20:00,2/13/2022,20:00,7.87,0.91,0.3,23,29.3,0.32,32.3,22.92,134.23,10.7
2/13/2022 21:00,2/13/2022,21:00,7.91,0.92,0.4,19.6,29.8,0.36,39.37,16.19,163.18,12.27
2/13/2022 22:00,2/13/2022,22:00,7.92,0.82,0.5,16.2,30.1,0.4,42.67,10.25,176.69,12.38
2/13/2022 23:00,2/13/2022,23:00,7.91,0.82,0.5,14.9,30.2,0.4,43.75,7.36,181.13,12.37
2/14/2022 0:00,2/14/2022,0:00,7.92,0.97,0.5,13.9,30.1,0.42,45.43,5.47,187.98,12.62
2/14/2022 1:00,2/14/2022,1:00,7.93,0.96,0.4,14.6,29.2,0.43,40.46,4.84,167.67,10.8
2/14/2022 2:00,2/14/2022,2:00,7.92,0.91,0.4,14.1,28.8,0.41,36.85,3.25,152.86,10.45
2/14/2022 3:00,2/14/2022,3:00,7.92,0.99,0.4,14.7,28.8,0.42,38.67,4.62,160.32,12.12
2/14/2022 4:00,2/14/2022,4:00,7.94,0.97,0.4,15.4,28.6,0.44,40.03,5.21,165.91,12.43
2/14/2022 5:00,2/14/2022,5:00,7.93,1.05,0.4,15.6,28.6,0.43,39.54,4.97,163.88,12.47
2/14/2022 6:00,2/14/2022,6:00,7.94,0.95,0.4,14.5,28.6,0.43,39.98,4.15,165.71,12.62
2/14/2022 7:00,2/14/2022,7:00,7.94,0.69,0.4,15.1,28.4,0.44,38.22,2.44,158.47,11.56
2/14/2022 8:00,2/14/2022,8:00,7.9,0.94,0.4,15.3,28.5,0.37,34.91,4.62,144.92,10.81
2/14/2022 9:00,2/14/2022,9:00,7.91,0.85,0.5,16.3,29.4,0.37,40.7,7.02,168.63,12.86
2/14/2022 10:00,2/14/2022,10:00,7.91,0.85,0.5,17,30.2,0.41,44.68,9.32,184.91,13.75
2/14/2022 11:00,2/14/2022,11:00,7.92,0.93,0.5,16.3,30.8,0.43,42.99,5.74,178.01,13.26
2/14/2022 12:00,2/14/2022,12:00,7.94,0.89,0.5,15.7,31.3,0.35,42.12,7.15,174.45,13.25
2/14/2022 13:00,2/14/2022,13:00,7.94,0.71,0.5,16.1,31.5,0.33,42.43,7.31,175.74,14.31
2/14/2022 14:00,2/14/2022,14:00,7.97,0.59,0.5,15,31.5,0.36,42.95,5.98,177.86,14.36
2/14/2022 15:00,2/14/2022,15:00,7.94,0.61,0.5,16.5,31.4,0.35,41.62,6.64,172.42,13.43
2/14/2022 16:00,2/14/2022,16:00,7.92,0.61,0.5,15.6,31.3,0.36,41.54,5.45,172.1,14.08
2/14/2022 17:00,2/14/2022,17:00,7.91,0.01,0.4,56.5,29.3,0.35,35.09,34.86,145.68,11.44
2/14/2022 18:00,2/14/2022,18:00,7.91,0,0.3,88.6,27.8,0.36,30.25,39.87,125.87,10.26
2/14/2022 19:00,2/14/2022,19:00,7.91,0,0.3,115.8,27.1,0.34,25.99,51.65,108.44,9.75
2/14/2022 20:00,2/14/2022,20:00,7.92,0,0.3,93.6,26.9,0.33,25.54,42.63,106.59,9.52
2/14/2022 21:00,2/14/2022,21:00,7.93,0,0.3,77.3,26.6,0.32,25.44,33.62,106.16,9.14
2/14/2022 22:00,2/14/2022,22:00,7.94,0,0.3,68.3,26.3,0.32,25.31,29.94,105.65,8.94
2/14/2022 23:00,2/14/2022,23:00,7.92,0.98,0.3,67.3,26.6,0.13,25.9,66.86,108.06,8.73
2/15/2022 0:00,2/15/2022,0:00,7.82,0.8,0.3,59.5,27.1,0.13,28.8,52.09,119.93,10.07
2/15/2022 1:00,2/15/2022,1:00,7.77,0.82,0.3,55.1,27.4,0.13,30.43,50.17,126.6,11.72
2/15/2022 2:00,2/15/2022,2:00,7.77,0.66,0.4,46.4,27.8,0.15,33.08,37.5,137.43,12.47
2/15/2022 3:00,2/15/2022,3:00,7.78,0.58,0.4,46.5,27.9,0.16,33.33,31.14,138.46,12.36
2/15/2022 4:00,2/15/2022,4:00,7.77,0.7,0.3,42.6,27.7,0.15,32.11,24.06,133.46,11.35
2/15/2022 5:00,2/15/2022,5:00,7.76,0.73,0.3,42.8,27.7,0.16,31.53,24.29,131.1,11.62
2/15/2022 6:00,2/15/2022,6:00,7.77,0.92,0.3,41.9,27.7,0.16,31.6,22.43,131.37,11.59
2/15/2022 7:00,2/15/2022,7:00,7.77,0.66,0.4,40.8,28,0.17,32.77,19.59,136.18,11.49
2/15/2022 8:00,2/15/2022,8:00,7.79,0.61,0.3,38.1,27.9,0.18,30.65,15.78,127.49,10.59
2/15/2022 9:00,2/15/2022,9:00,7.8,0.63,0.3,35.3,28.2,0.2,31.66,14.07,131.62,11.43
2/15/2022 10:00,2/15/2022,10:00,7.82,0.46,0.4,34.4,28.9,0.19,33.49,10.63,139.14,11.86
2/15/2022 11:00,2/15/2022,11:00,7.85,0.57,0.4,31.2,29.3,0.21,35.72,9.47,148.24,12.77
2/15/2022 12:00,2/15/2022,12:00,7.86,0.28,0.4,33.2,29.7,0.22,36.7,12.34,152.25,13.18
2/15/2022 13:00,2/15/2022,13:00,7.89,0.57,0.4,32.1,29.9,0.22,35.06,8.32,145.55,12.19
2/15/2022 14:00,2/15/2022,14:00,7.9,0.45,0.4,32,30.2,0.24,36.94,11.27,153.24,12.98
2/15/2022 15:00,2/15/2022,15:00,7.87,0.5,0.4,29.3,30.4,0.25,37.17,8.65,154.18,12.77
2/15/2022 16:00,2/15/2022,16:00,7.86,0.54,0.4,28.7,30.5,0.26,37.8,6.12,156.79,12.77
2/15/2022 17:00,2/15/2022,17:00,7.86,0.36,0.4,29.4,30.6,0.26,39.82,6.15,165.04,12.91
2/15/2022 18:00,2/15/2022,18:00,7.85,0.01,0.4,37.7,29.3,0.27,33.11,12.32,137.58,10.96
2/15/2022 19:00,2/15/2022,19:00,7.85,0,0.3,57.3,28.3,0.28,28.23,21.91,117.59,9.76
2/15/2022 20:00,2/15/2022,20:00,7.84,0.25,0.3,55.3,28.3,0.22,29.28,41.54,121.91,9.6
2/15/2022 21:00,2/15/2022,21:00,7.85,0.51,0.4,53.8,28.8,0.22,33.91,45.07,140.86,11.21
2/15/2022 22:00,2/15/2022,22:00,7.84,0.44,0.4,41.3,29.2,0.25,37.56,20.9,155.77,12.33
2/15/2022 23:00,2/15/2022,23:00,7.84,0.46,0.4,35.5,29.3,0.27,38.55,12.85,159.84,12.31
2/16/2022 0:00,2/16/2022,0:00,7.86,0.59,0.4,25.6,29.2,0.28,38.65,11.49,160.24,12.37
2/16/2022 1:00,2/16/2022,1:00,7.86,0.61,0.4,25.2,29.2,0.3,39.6,7.73,164.12,12.23
2/16/2022 2:00,2/16/2022,2:00,7.86,0.69,0.4,23.6,29.2,0.31,40.26,4.3,166.83,12.14
2/16/2022 3:00,2/16/2022,3:00,7.86,0.65,0.4,22.2,29.1,0.31,40.6,3.46,168.22,12.09
2/16/2022 4:00,2/16/2022,4:00,7.87,0.87,0.4,23.1,29.1,0.29,38.35,3.14,159.02,10.78
2/16/2022 5:00,2/16/2022,5:00,7.85,0.93,0.4,22.8,29.2,0.28,38.66,3.14,160.28,11.29
2/16/2022 6:00,2/16/2022,6:00,7.83,0.85,0.4,22.1,29.3,0.29,38.54,1.81,159.8,11.48
2/16/2022 7:00,2/16/2022,7:00,7.82,0.54,0.4,23.6,29.3,0.28,38.18,1.28,158.3,11.42
2/16/2022 8:00,2/16/2022,8:00,7.82,0.81,0.4,23.6,29.3,0.29,37.9,1.01,157.18,11.46
2/16/2022 9:00,2/16/2022,9:00,7.81,0.78,0.4,22.7,29.4,0.29,37.54,1.92,155.7,11.16
2/16/2022 10:00,2/16/2022,10:00,7.81,0.77,0.4,23.9,29.8,0.3,37.24,2.26,154.47,10.49
2/16/2022 11:00,2/16/2022,11:00,7.83,0.6,0.4,24.7,30.6,0.31,38.27,2.55,158.69,10.84
2/16/2022 12:00,2/16/2022,12:00,7.77,4.31,0.6,6.4,28.5,0.02,0,82.11,0,19.54
2/16/2022 13:00,2/16/2022,13:00,7.82,0.89,0.4,14.2,32.6,0.24,39.2,10.15,162.49,12.04
2/16/2022 14:00,2/16/2022,14:00,7.84,0.77,0.4,11.2,33,0.25,40.23,5.39,166.7,12.03
2/16/2022 15:00,2/16/2022,15:00,7.86,0.82,0.4,9.7,32.7,0.25,38.99,3.49,161.64,11.55
2/16/2022 16:00,2/16/2022,16:00,7.84,0.91,0.4,14,31.5,0.25,34.6,6.79,143.69,10.18
2/16/2022 17:00,2/16/2022,17:00,7.8,0.59,0.3,27.1,29.9,0.24,26.99,26.53,112.51,8.87
2/16/2022 18:00,2/16/2022,18:00,7.77,0.4,0.3,22.1,29.4,0.22,26.48,21.53,110.41,8.73
2/16/2022 19:00,2/16/2022,19:00,7.79,0.48,0.3,21.3,29.7,0.24,32.85,18.89,136.49,10.87
2/16/2022 20:00,2/16/2022,20:00,7.77,0.7,0.3,46.8,28.2,0.19,29.05,43.4,120.95,9.29
2/16/2022 21:00,2/16/2022,21:00,7.74,0.78,0.2,72.7,27.3,0.15,25.15,88.77,104.97,8.47
2/16/2022 22:00,2/16/2022,22:00,7.73,0.85,0.2,57.6,27.6,0.14,26.22,69.96,109.37,9.29
2/16/2022 23:00,2/16/2022,23:00,7.75,0.68,0.3,50.1,27.9,0.14,28.65,57.05,119.31,9.61
2/17/2022 0:00,2/17/2022,0:00,7.8,0.83,0.3,44.6,28.3,0.18,33.07,49.15,137.4,10.57
2/17/2022 1:00,2/17/2022,1:00,7.8,0.92,0.3,41.3,28.3,0.17,32.74,43.95,136.05,10.27
2/17/2022 2:00,2/17/2022,2:00,7.8,0.8,0.3,38.1,28.3,0.17,32.66,35.89,135.71,10.25
2/17/2022 3:00,2/17/2022,3:00,7.82,0.9,0.3,29.9,28.5,0.18,33.51,25.2,139.22,10.59
2/17/2022 4:00,2/17/2022,4:00,7.83,0.65,0.4,24,28.5,0.2,34.3,17.36,142.45,10.8
2/17/2022 5:00,2/17/2022,5:00,7.86,0.78,0.4,24.9,28.3,0.2,33.52,17.56,139.26,10.54
2/17/2022 6:00,2/17/2022,6:00,7.85,0.92,0.3,23.6,28.2,0.2,31.25,15,129.95,10.35
2/17/2022 7:00,2/17/2022,7:00,7.81,1,0.3,20.9,28.3,0.2,32.56,16.57,135.3,10.45
2/17/2022 8:00,2/17/2022,8:00,7.81,0.78,0.4,19.5,28.6,0.22,32.95,14.33,136.9,10.46
2/17/2022 9:00,2/17/2022,9:00,7.8,0.71,0.4,17.6,28.9,0.21,33.13,14.08,137.66,10.57
2/17/2022 10:00,2/17/2022,10:00,7.82,0.67,0.4,16.5,29.3,0.22,32.85,9.71,136.51,10.51
2/17/2022 11:00,2/17/2022,11:00,7.83,0.5,0.3,24.3,29.9,0.22,32.24,15.52,134,10.02
2/17/2022 12:00,2/17/2022,12:00,7.86,0.5,0.4,21,30.6,0.25,33.91,14.12,140.83,11.32
2/17/2022 13:00,2/17/2022,13:00,7.85,0.62,0.4,19,31,0.25,33.16,10.83,137.76,10.73
2/17/2022 14:00,2/17/2022,14:00,7.88,0.49,0.4,18.8,31.7,0.26,33.99,8.89,141.19,11.4
2/17/2022 15:00,2/17/2022,15:00,7.88,0.62,0.4,26.7,31.2,0.24,35.37,23.2,146.81,11.62
2/17/2022 16:00,2/17/2022,16:00,7.9,0.55,0.4,25.4,30.8,0.24,34.05,20.58,141.42,11.71
2/17/2022 17:00,2/17/2022,17:00,7.89,0.33,0.3,25.6,30.3,0.25,32.72,25.39,136,11.07
2/17/2022 18:00,2/17/2022,18:00,7.88,0.35,0.3,29.7,29.8,0.25,31.71,25.78,131.83,10.23
2/17/2022 19:00,2/17/2022,19:00,7.87,0.11,0.3,31.7,29.4,0.25,31,29.14,128.93,10.42
2/17/2022 20:00,2/17/2022,20:00,7.77,0.52,0.2,46.3,27.8,0.17,25.85,48.22,107.85,8.49
2/17/2022 21:00,2/17/2022,21:00,7.72,0.02,0.2,101.5,26.2,0.14,21.87,75.6,91.56,7.68
2/17/2022 22:00,2/17/2022,22:00,7.72,0.68,0.2,93.5,26.4,0.1,21.98,109.33,92.02,6.92
2/17/2022 23:00,2/17/2022,23:00,7.7,0.67,0.2,89.4,26.9,0.1,25.65,104.99,107.04,7.99
2/18/2022 0:00,2/18/2022,0:00,7.71,0.22,0.2,71.2,26.9,0.1,24.38,84,101.81,7.76
2/18/2022 1:00,2/18/2022,1:00,7.71,0.49,0.3,81.7,27.5,0.11,30.02,85.77,124.92,9.38
2/18/2022 2:00,2/18/2022,2:00,7.73,0.38,0.3,68.6,27.8,0.12,30.96,70.94,128.76,9.43
2/18/2022 3:00,2/18/2022,3:00,7.75,0.48,0.3,68.4,27.9,0.13,31.25,64.72,129.94,9.56
2/18/2022 4:00,2/18/2022,4:00,7.74,0.54,0.3,80,27.8,0.12,32.94,79.67,136.89,9.82
2/18/2022 5:00,2/18/2022,5:00,7.74,0.37,0.3,67,28,0.14,32.99,52.02,137.06,9.81
2/18/2022 6:00,2/18/2022,6:00,7.75,0.48,0.3,103.1,28.1,0.14,34.42,59.69,142.91,10.1
2/18/2022 7:00,2/18/2022,7:00,7.76,0.22,0.3,104.1,28.4,0.16,34.36,39.16,142.68,10.05
2/18/2022 8:00,2/18/2022,8:00,7.76,0.22,0.3,111.3,28.5,0.19,34.65,31.64,143.87,10.01
2/18/2022 9:00,2/18/2022,9:00,7.77,0.25,0.3,115.6,28.6,0.2,34.62,30.12,143.75,10.16
2/18/2022 10:00,2/18/2022,10:00,7.78,0.2,0.3,124.9,28.8,0.21,34.88,28.3,144.83,10.49
2/18/2022 11:00,2/18/2022,11:00,7.81,0.2,0.3,116.9,28.9,0.21,34.06,37.47,141.44,10.36
2/18/2022 12:00,2/18/2022,12:00,7.81,0.1,0.3,111.3,29.1,0.21,34.73,32.67,144.19,10.92
2/18/2022 13:00,2/18/2022,13:00,7.83,0.07,0.3,122.2,29.3,0.22,35.03,31.39,145.44,10.72
2/18/2022 14:00,2/18/2022,14:00,7.84,0.2,0.3,121,29.5,0.23,34.88,30.13,144.8,10.64
2/18/2022 15:00,2/18/2022,15:00,7.82,0.13,0.3,107.4,29.8,0.23,35.2,23.28,146.11,11.55
2/18/2022 16:00,2/18/2022,16:00,7.83,0.34,0.3,111.6,29.9,0.23,34.7,24.19,144.1,11.36
2/18/2022 17:00,2/18/2022,17:00,7.83,0.34,0.3,121.1,29.5,0.24,33.47,23.63,139.06,10.36
2/18/2022 18:00,2/18/2022,18:00,7.8,0.15,0.3,117.5,28.1,0.22,28.21,49.03,117.53,8.52
2/18/2022 19:00,2/18/2022,19:00,7.79,0.01,0.2,161,27,0.21,24.11,78.04,100.71,7.64
2/18/2022 20:00,2/18/2022,20:00,7.79,0.54,0.2,199.3,27.1,0.14,24.98,100.87,104.28,7.59
2/18/2022 21:00,2/18/2022,21:00,7.76,0.54,0.3,169.2,27.4,0.14,28.12,89.25,117.13,8.76
2/18/2022 22:00,2/18/2022,22:00,7.76,0.77,0.3,165.7,27.5,0.14,30.49,112.5,126.83,10.42
2/18/2022 23:00,2/18/2022,23:00,7.73,0.37,0.3,161.7,27.9,0.15,31.93,85.62,132.74,10.53
2/19/2022 0:00,2/19/2022,0:00,7.76,0.53,0.3,154.7,28.2,0.16,33.31,79.79,138.39,10.72
2/19/2022 1:00,2/19/2022,1:00,7.78,0.43,0.3,166.7,28.1,0.16,31.82,62.76,132.28,9.29
2/19/2022 2:00,2/19/2022,2:00,7.74,0.43,0.3,149.2,28,0.14,32.52,70.46,135.17,10.65
2/19/2022 3:00,2/19/2022,3:00,7.74,0.31,0.3,140.2,28.3,0.15,32.64,54.49,135.65,10.53
2/19/2022 4:00,2/19/2022,4:00,7.74,0.32,0.3,127.7,28.4,0.16,33.3,45.31,138.34,10.45
2/19/2022 5:00,2/19/2022,5:00,7.74,0.25,0.3,124.9,28.3,0.16,33.34,43.57,138.49,10.48
2/19/2022 6:00,2/19/2022,6:00,7.75,0.34,0.3,108.2,28.3,0.17,33.27,41.75,138.22,10.41
2/19/2022 7:00,2/19/2022,7:00,7.76,0.26,0.4,134,28.4,0.18,34.05,13.87,141.44,10.28
2/19/2022 8:00,2/19/2022,8:00,7.78,0.51,0.3,131.2,28.3,0.19,32.98,12.54,137.04,9.04
2/19/2022 9:00,2/19/2022,9:00,7.77,0.31,0.4,139,28.4,0.21,35.44,13.96,147.12,10.63
2/19/2022 10:00,2/19/2022,10:00,7.79,0.26,0.4,136.1,28.6,0.22,34.39,12.35,142.79,9.06
2/19/2022 11:00,2/19/2022,11:00,7.78,0.17,0.4,133.7,29.1,0.2,33.89,11.55,140.77,8.92
2/19/2022 12:00,2/19/2022,12:00,7.82,0.17,0.4,133.1,29.8,0.22,34.16,10.87,141.86,9.41
2/19/2022 13:00,2/19/2022,13:00,7.83,0.31,0.3,125.8,29.7,0.21,32.69,11.03,135.88,9.01
2/19/2022 14:00,2/19/2022,14:00,7.81,0.1,0.3,150.8,28.7,0.2,28.78,53.83,119.86,9.01
2/19/2022 15:00,2/19/2022,15:00,7.81,0,0.3,170.2,27.8,0.22,25.21,56.88,105.23,7.68
2/19/2022 16:00,2/19/2022,16:00,7.81,0,0.3,133,27.7,0.22,23.85,44.27,99.66,7.03
2/19/2022 17:00,2/19/2022,17:00,7.81,0,0.3,126.4,27.6,0.22,23.57,32.74,98.5,6.5
2/19/2022 18:00,2/19/2022,18:00,7.8,0.17,0.3,157,28.3,0.16,29.68,104.42,123.52,6.8
2/19/2022 19:00,2/19/2022,19:00,7.79,0.56,0.3,150.9,28.4,0.17,33.03,84.86,137.25,10
2/19/2022 20:00,2/19/2022,20:00,7.82,0.79,0.3,145.7,28.2,0.15,32.65,93.31,135.69,8.82
2/19/2022 21:00,2/19/2022,21:00,7.8,0.85,0.3,135.6,27.7,0.16,29.78,63.47,123.94,8.52
2/19/2022 22:00,2/19/2022,22:00,7.8,0.34,0.3,121.5,27.6,0.17,27.88,52.76,116.16,7.74
2/19/2022 23:00,2/19/2022,23:00,7.79,0.76,0.3,122.8,27.7,0.16,28.71,46.97,119.57,7.28
2/20/2022 0:00,2/20/2022,0:00,7.79,0.72,0.3,121.3,27.6,0.17,30.36,38.65,126.32,8.99
2/20/2022 1:00,2/20/2022,1:00,7.83,0.83,0.3,125.9,27.7,0.2,32.43,38.53,134.77,9.42
2/20/2022 2:00,2/20/2022,2:00,7.84,0.67,0.3,121.3,27.8,0.18,31.41,26.64,130.62,8.04
2/20/2022 3:00,2/20/2022,3:00,7.8,0.56,0.3,118.3,27.9,0.19,32.28,20.77,134.18,9.01
2/20/2022 4:00,2/20/2022,4:00,7.83,0.92,0.3,120.4,27.9,0.19,30.96,28.4,128.77,7.52
2/20/2022 5:00,2/20/2022,5:00,7.83,1.11,0.3,134.9,27.6,0.16,30.98,36.92,128.87,8.58
2/20/2022 6:00,2/20/2022,6:00,7.81,0.58,0.3,120.9,27.8,0.17,31.07,24.88,129.22,8.71
2/20/2022 7:00,2/20/2022,7:00,7.84,0.73,0.4,122.4,28.1,0.21,35.93,16.43,149.11,10.05
2/20/2022 8:00,2/20/2022,8:00,7.86,0.5,0.4,132.9,28.2,0.25,37.68,14.3,156.28,10.39
2/20/2022 9:00,2/20/2022,9:00,7.87,0.95,0.4,142.2,28.4,0.26,36.26,13.89,150.46,8.76
2/20/2022 10:00,2/20/2022,10:00,7.87,0.85,0.4,160.9,28.3,0.23,36.56,38.74,151.7,9.34
2/20/2022 11:00,2/20/2022,11:00,7.88,0.01,0.3,171.9,28.1,0.25,32.56,22.75,135.32,8.71
2/20/2022 12:00,2/20/2022,12:00,7.88,0.33,0.3,179.6,28.3,0.23,31.09,30.29,129.29,8.06
2/20/2022 13:00,2/20/2022,13:00,7.81,1.31,0.3,143.9,28.4,0.18,6.15,97.49,25.89,9.64
2/20/2022 14:00,2/20/2022,14:00,7.79,1.75,0.3,29.4,28.9,0.14,30.23,35.39,125.78,10.85
2/20/2022 15:00,2/20/2022,15:00,7.82,0.87,0.3,23.5,28.8,0.14,29.85,29.5,124.22,11.31
2/20/2022 16:00,2/20/2022,16:00,7.82,0.78,0.3,25.9,28.6,0.15,29.47,25.4,122.65,11.3
2/20/2022 17:00,2/20/2022,17:00,7.85,0.89,0.3,24.1,28.2,0.17,29.18,23.64,121.49,11.25
2/20/2022 18:00,2/20/2022,18:00,7.86,0.88,0.3,23.2,27.9,0.18,28.97,21.24,120.61,11.24
2/20/2022 19:00,2/20/2022,19:00,7.88,0.8,0.3,22.4,27.6,0.2,28.77,19.26,119.78,11.31
2/20/2022 20:00,2/20/2022,20:00,7.9,0.84,0.3,21.9,27.3,0.21,28.56,18.18,118.93,11.31
2/20/2022 21:00,2/20/2022,21:00,7.91,0.74,0.3,20.8,27,0.21,28.35,17.49,118.07,11.25
2/20/2022 22:00,2/20/2022,22:00,7.92,0.69,0.3,21,26.7,0.23,28.18,17.71,117.4,11.32
2/20/2022 23:00,2/20/2022,23:00,7.94,0.72,0.3,20.3,26.4,0.23,28.05,16.02,116.86,11.35
2/21/2022 0:00,2/21/2022,0:00,7.95,0.68,0.3,20.2,26.1,0.24,27.9,15.08,116.23,11.43
2/21/2022 1:00,2/21/2022,1:00,7.96,0.71,0.3,20,25.9,0.24,27.78,14.43,115.75,11.41
2/21/2022 2:00,2/21/2022,2:00,7.98,0.72,0.3,19.5,25.7,0.25,27.65,14,115.22,11.36
2/21/2022 3:00,2/21/2022,3:00,7.98,0.77,0.3,19,25.5,0.25,27.54,13.58,114.79,11.34
2/21/2022 4:00,2/21/2022,4:00,7.99,0.79,0.3,19.1,25.3,0.25,27.43,12.93,114.31,11.31
2/21/2022 5:00,2/21/2022,5:00,8,0.81,0.3,18.6,25.2,0.25,27.33,12.79,113.9,11.24
2/21/2022 6:00,2/21/2022,6:00,8.01,0.82,0.3,18.7,25.1,0.25,27.23,12.14,113.49,11.28
2/21/2022 7:00,2/21/2022,7:00,8.02,0.81,0.3,18.1,25,0.26,27.14,11.97,113.14,11.25
2/21/2022 8:00,2/21/2022,8:00,8.02,0.65,0.3,16.1,24.9,0.26,27.04,11.81,112.7,11.02
2/21/2022 9:00,2/21/2022,9:00,8.05,0.3,0.3,13.5,24.9,0.26,26.96,11.15,112.39,11.07
2/21/2022 10:00,2/21/2022,10:00,8.03,0.32,0.3,11.2,25,0.24,26.87,11.08,112.03,10.89
2/21/2022 11:00,2/21/2022,11:00,8.04,0.08,0.3,15.3,25.2,0.24,26.82,10.8,111.8,10.66
2/21/2022 12:00,2/21/2022,12:00,8.05,0.19,0.3,16.6,25.5,0.23,26.75,10.53,111.51,10.07
2/21/2022 13:00,2/21/2022,13:00,8.06,0.37,0.3,16.5,26,0.25,26.61,9.92,110.95,10.07
2/21/2022 14:00,2/21/2022,14:00,8.06,0.26,0.3,16.4,26.5,0.23,26.49,9.57,110.48,10.02
2/21/2022 15:00,2/21/2022,15:00,8.11,0.23,0.3,15.7,27.1,0.23,26.47,9.44,110.38,10.38
2/21/2022 16:00,2/21/2022,16:00,8.09,0.23,0.3,16.3,27.7,0.22,26.42,8.92,110.18,10.31
2/21/2022 17:00,2/21/2022,17:00,8.09,0.26,0.3,15.9,28.1,0.24,26.39,8.94,110.05,10.22
2/21/2022 18:00,2/21/2022,18:00,8.09,0.38,0.3,15.8,28.3,0.24,26.4,8.95,110.1,10.19
2/21/2022 19:00,2/21/2022,19:00,8.09,0.81,0.3,16.8,28.2,0.25,26.33,8.73,109.83,10.4
2/21/2022 20:00,2/21/2022,20:00,8.1,0.8,0.3,16.6,28,0.25,26.28,8.52,109.6,10.97
2/21/2022 21:00,2/21/2022,21:00,8.1,0.81,0.3,16.3,27.8,0.25,26.23,8.28,109.39,10.85
2/21/2022 22:00,2/21/2022,22:00,8.09,0.85,0.3,16.1,27.5,0.25,26.19,8.16,109.22,10.88
2/21/2022 23:00,2/21/2022,23:00,8.09,0.85,0.3,16.3,27.2,0.25,26.14,7.95,109.02,10.86
2/22/2022 0:00,2/22/2022,0:00,8.09,0.87,0.3,16.5,26.9,0.25,26.09,7.88,108.83,10.85
2/22/2022 1:00,2/22/2022,1:00,8.09,0.91,0.3,16.4,26.6,0.24,26.05,7.66,108.65,10.86
2/22/2022 2:00,2/22/2022,2:00,8.09,0.95,0.3,16.2,26.3,0.24,25.99,7.58,108.44,10.83
2/22/2022 3:00,2/22/2022,3:00,8.1,0.95,0.3,16,26,0.24,25.96,7.39,108.31,10.93
2/22/2022 4:00,2/22/2022,4:00,8.1,0.97,0.3,16.3,25.8,0.24,25.93,7.23,108.16,11.01
2/22/2022 5:00,2/22/2022,5:00,8.1,1.01,0.3,16.2,25.5,0.23,25.89,7.04,108.02,11.03
2/22/2022 6:00,2/22/2022,6:00,8.1,1.02,0.3,16.1,25.2,0.23,25.86,6.79,107.88,11.05
2/22/2022 7:00,2/22/2022,7:00,8.11,1,0.3,16.2,24.9,0.23,25.83,6.69,107.76,11.04
2/22/2022 8:00,2/22/2022,8:00,8.11,0.95,0.3,16.1,24.7,0.23,25.81,6.47,107.68,11.08
2/22/2022 9:00,2/22/2022,9:00,8.12,0.92,0.3,13.9,24.7,0.23,25.78,6.68,107.58,11.14
2/22/2022 10:00,2/22/2022,10:00,8.12,0.47,0.3,15.1,24.8,0.22,25.77,6.5,107.52,11.12
2/22/2022 11:00,2/22/2022,11:00,8.12,0.5,0.3,15.5,25,0.21,25.75,6.38,107.45,10.7
2/22/2022 12:00,2/22/2022,12:00,8.13,0.47,0.3,15.7,25.4,0.21,25.72,6.39,107.31,10.59
2/22/2022 13:00,2/22/2022,13:00,8.18,0.32,0.3,15.5,25.9,0.2,25.68,6.37,107.16,11.04
2/22/2022 14:00,2/22/2022,14:00,8.19,0.28,0.3,15.4,26.5,0.18,25.67,6.13,107.11,11.18
2/22/2022 15:00,2/22/2022,15:00,8.17,0.24,0.3,15,27.1,0.18,25.69,5.99,107.19,11.15
2/22/2022 16:00,2/22/2022,16:00,8.17,0.3,0.3,15.3,27.5,0.18,25.68,6.11,107.14,11.01
2/22/2022 17:00,2/22/2022,17:00,8.18,0.53,0.3,15.3,27.7,0.18,25.7,6.11,107.25,10.95
2/22/2022 18:00,2/22/2022,18:00,8.17,0.57,0.3,14.7,27.8,0.18,25.71,6.17,107.28,10.89
2/22/2022 19:00,2/22/2022,19:00,8.17,0.98,0.3,15.9,27.8,0.19,25.71,6.08,107.29,10.99
2/22/2022 20:00,2/22/2022,20:00,8.17,0.98,0.3,16,27.7,0.19,25.71,6.1,107.29,11.32
2/22/2022 21:00,2/22/2022,21:00,8.16,0.98,0.3,15.8,27.5,0.19,25.71,6.03,107.27,11.51
2/22/2022 22:00,2/22/2022,22:00,8.16,0.98,0.3,15.5,27.2,0.18,25.71,5.88,107.28,11.54
2/22/2022 23:00,2/22/2022,23:00,8.15,1.01,0.3,15.8,27,0.18,25.7,5.82,107.25,11.52
2/23/2022 0:00,2/23/2022,0:00,8.15,1.01,0.3,15.9,26.7,0.17,25.7,5.76,107.24,11.51
2/23/2022 1:00,2/23/2022,1:00,8.15,1.02,0.3,16,26.4,0.16,25.69,5.46,107.19,11.54
2/23/2022 2:00,2/23/2022,2:00,8.16,1.02,0.3,16,26.1,0.16,25.68,5.44,107.15,11.58
2/23/2022 3:00,2/23/2022,3:00,8.16,1.02,0.3,15.9,25.9,0.16,25.67,5.23,107.12,11.62
2/23/2022 4:00,2/23/2022,4:00,8.16,1.01,0.3,16.1,25.6,0.15,25.67,5.03,107.09,11.56
2/23/2022 5:00,2/23/2022,5:00,8.17,1,0.3,16.2,25.4,0.15,25.65,4.96,107.02,11.6
2/23/2022 6:00,2/23/2022,6:00,8.17,1.04,0.3,16.2,25.2,0.15,25.64,4.94,107.01,11.68
2/23/2022 7:00,2/23/2022,7:00,8.17,1.09,0.3,16.3,25,0.14,25.63,4.84,106.96,11.78
2/23/2022 8:00,2/23/2022,8:00,8.2,1.11,0.3,16.3,24.9,0.01,25.63,4.75,106.94,11.85
2/23/2022 9:00,2/23/2022,9:00,8.17,0.37,0.3,15.2,24.9,0.12,25.61,4.57,106.85,11.7
2/23/2022 10:00,2/23/2022,10:00,8.18,0.49,0.3,15,25.1,0.11,25.6,4.81,106.84,11.67
2/23/2022 11:00,2/23/2022,11:00,8.19,0.42,0.3,15.2,25.4,0.1,25.58,5.29,106.76,11.46
2/23/2022 12:00,2/23/2022,12:00,8.61,4.39,4.2,8,25.1,0.05,0,53.51,0,2.64
2/23/2022 14:00,2/23/2022,14:00,7.84,2.07,0.4,15.7,30.9,0.36,35.82,11.58,148.68,9.34
2/23/2022 15:00,2/23/2022,15:00,7.84,2.05,0.4,14,31,0.47,37.52,7.51,155.64,10.22
2/23/2022 16:00,2/23/2022,16:00,7.88,1.92,0.4,12.8,31.2,0.55,38.93,8.1,161.39,11.17
2/23/2022 17:00,2/23/2022,17:00,7.87,1.4,0.3,32.1,29.7,0.54,30.39,33.68,126.46,9.2
2/23/2022 18:00,2/23/2022,18:00,7.79,0.96,0.2,78.9,27.9,0.48,22.85,129.23,95.55,6.73
2/23/2022 19:00,2/23/2022,19:00,7.75,1.2,0.2,96.1,27.7,0.35,24.62,143.07,102.82,8.29
2/23/2022 20:00,2/23/2022,20:00,7.78,1.33,0.3,56.9,28.7,0.37,29.54,72.02,122.94,10.76
2/23/2022 21:00,2/23/2022,21:00,7.83,1.2,0.3,49.4,29.4,0.43,33.63,57.38,139.7,11.32
2/23/2022 22:00,2/23/2022,22:00,7.83,1.44,0.4,42.7,29.5,0.47,35.66,44.34,148,11.38
2/23/2022 23:00,2/23/2022,23:00,7.83,1.38,0.4,41.6,29.6,0.46,35.1,40.81,145.73,0
2/24/2022 0:00,2/24/2022,0:00,7.83,1.52,0.4,37.5,29.7,0.49,35.43,30.49,147.07,11.54
2/24/2022 1:00,2/24/2022,1:00,7.86,1.79,0.4,28.5,29.9,0.57,38.61,21.7,160.07,12.15
2/24/2022 2:00,2/24/2022,2:00,7.87,1.07,0.4,25.2,29.7,0.6,37.87,14.86,157.04,11.74
2/24/2022 3:00,2/24/2022,3:00,7.85,1.84,0.4,22.8,29.6,0.53,35.54,10.33,147.5,9.33
2/24/2022 4:00,2/24/2022,4:00,7.87,1.59,0.4,20.9,29.6,0.64,37.67,9.55,156.23,11.78
2/24/2022 5:00,2/24/2022,5:00,7.87,1.63,0.4,19.7,29.1,0.61,35.04,6.92,145.46,9.99
2/24/2022 6:00,2/24/2022,6:00,7.84,1.67,0.4,18.9,29.3,0.63,37.66,7.22,156.21,11.99
2/24/2022 7:00,2/24/2022,7:00,7.85,1.67,0.4,17.4,29.7,0.64,39.97,4.1,165.67,12.33
2/24/2022 8:00,2/24/2022,8:00,7.85,1.65,0.4,16.9,29.5,0.61,37.68,2.44,156.27,10.59
2/24/2022 9:00,2/24/2022,9:00,7.83,2.36,0.4,17.8,29.7,0.56,38.98,3.66,161.58,11.58
2/24/2022 10:00,2/24/2022,10:00,7.83,2.08,0.4,18,30,0.51,38.63,3.97,160.17,11.74
2/24/2022 11:00,2/24/2022,11:00,7.85,1.69,0.4,18.6,30,0.5,37.37,5.6,155,10.53
2/24/2022 12:00,2/24/2022,12:00,7.82,1.97,0.4,21.4,30.4,0.47,38.44,8.75,159.37,11.8
2/24/2022 13:00,2/24/2022,13:00,7.8,1.29,0.4,24.7,30.8,0.51,37.67,14.47,156.22,10.09
2/24/2022 14:00,2/24/2022,14:00,7.88,1.3,0.4,22.2,30.5,0.55,37.17,10.46,154.19,9.17
2/24/2022 15:00,2/24/2022,15:00,7.9,0.56,0.4,21,30.2,0.6,35.98,7.17,149.31,9.45
2/24/2022 16:00,2/24/2022,16:00,7.92,0.64,0.4,18.8,30,0.63,35.28,4.92,146.47,8.46
2/24/2022 17:00,2/24/2022,17:00,7.93,0.31,0.4,17.5,29.9,0.71,34.6,2.42,143.68,8.3
2/24/2022 18:00,2/24/2022,18:00,7.95,0.07,0.4,16.9,29.7,0.79,34.03,1.35,141.34,8.52
2/24/2022 19:00,2/24/2022,19:00,7.96,0.08,0.4,16.5,29.5,0.85,33.63,0,139.72,8.4
2/24/2022 20:00,2/24/2022,20:00,7.99,0.16,0.4,16.1,29.3,0.91,33.24,0,138.1,8.84
2/24/2022 21:00,2/24/2022,21:00,8,0.15,0.4,15.7,29.1,0.95,32.95,0,136.89,9.08
2/24/2022 22:00,2/24/2022,22:00,8.01,0.09,0.4,15.4,28.8,0.99,32.57,0,135.37,8.86
2/24/2022 23:00,2/24/2022,23:00,8.03,0.03,0.4,15.2,28.4,1.04,32.34,0,134.42,9.36
2/25/2022 0:00,2/25/2022,0:00,8.04,0.02,0.4,15,28.1,1.08,32.06,0,133.25,9.24
2/25/2022 1:00,2/25/2022,1:00,8.06,0.06,0.4,14.7,27.7,1.12,31.78,0,132.11,9.47
2/25/2022 2:00,2/25/2022,2:00,8.07,0.04,0.4,14,27.2,1.15,31.54,0,131.12,9.34
2/25/2022 3:00,2/25/2022,3:00,8.08,0.03,0.4,14.1,26.9,1.16,31.32,0,130.22,9.42
2/25/2022 4:00,2/25/2022,4:00,8.09,0.02,0.4,14.2,26.5,1.17,31.13,0,129.44,9.81
2/25/2022 5:00,2/25/2022,5:00,8.11,0.02,0.4,13.8,26,1.2,30.92,0,128.6,9.71
2/25/2022 6:00,2/25/2022,6:00,8.11,0.03,0.4,13.9,25.6,1.2,30.75,0,127.9,9.49
2/25/2022 7:00,2/25/2022,7:00,8.12,0.08,0.4,13.9,25.3,1.2,30.53,0,126.99,9.26
2/25/2022 8:00,2/25/2022,8:00,8.13,0.16,0.4,13.6,25.1,1.22,30.37,0,126.34,8.95
2/25/2022 9:00,2/25/2022,9:00,8.16,0.12,0.4,13.3,25,1.21,30.25,0,125.86,8.16
2/25/2022 10:00,2/25/2022,10:00,8.16,0.15,0.4,13.4,25.1,1.08,30.09,0,125.22,7.34
2/25/2022 11:00,2/25/2022,11:00,8.18,0.12,0.4,13.2,25.3,1.1,29.97,0,124.7,6.73
2/25/2022 12:00,2/25/2022,12:00,8.14,0.07,0.4,13.4,25.6,1.07,29.88,0,124.36,6.69
2/25/2022 13:00,2/25/2022,13:00,8.17,0.07,0.4,13.2,25.9,1.11,29.72,0,123.68,7.8
2/25/2022 14:00,2/25/2022,14:00,8.15,0.06,0.4,13.6,26.3,1.11,29.71,0,123.64,8.32
2/25/2022 15:00,2/25/2022,15:00,8.18,0.05,0.4,13.2,26.7,1.16,29.62,0,123.28,8.29
2/25/2022 16:00,2/25/2022,16:00,8.18,0.05,0.4,43.8,27.1,1.15,29.57,0,123.07,8.23
2/25/2022 17:00,2/25/2022,17:00,8.16,0.06,0.4,12.9,27.3,1.18,29.58,0,123.11,8.05
2/25/2022 18:00,2/25/2022,18:00,8.16,0.08,0.4,13,27.5,1.24,29.6,0,123.18,8.21
2/25/2022 19:00,2/25/2022,19:00,8.18,0.11,0.4,12.8,27.5,1.28,29.55,0,123,8.06
2/25/2022 20:00,2/25/2022,20:00,8.18,0.17,0.4,13,27.4,1.31,29.51,0,122.82,8.33
2/25/2022 21:00,2/25/2022,21:00,8.19,0.13,0.4,13.1,27.2,1.37,29.48,0,122.73,8.77
2/25/2022 22:00,2/25/2022,22:00,8.2,0.12,0.4,13.1,27,1.4,29.44,0,122.53,8.77
2/25/2022 23:00,2/25/2022,23:00,8.21,0.14,0.4,13.1,26.8,1.4,29.39,0,122.32,8.99
2/26/2022 0:00,2/26/2022,0:00,8.21,0.12,0.4,13.5,26.5,1.42,29.34,0,122.13,9.19
2/26/2022 1:00,2/26/2022,1:00,8.22,0.15,0.4,13.4,26.2,1.44,29.28,0,121.9,9.12
2/26/2022 2:00,2/26/2022,2:00,8.22,0.1,0.4,13.4,26,1.45,29.21,0,121.61,9.31
2/26/2022 3:00,2/26/2022,3:00,8.23,0.12,0.4,13.2,25.7,1.45,29.16,0,121.4,9.27
2/26/2022 4:00,2/26/2022,4:00,8.23,0.18,0.4,13.5,25.5,1.45,29.1,0,121.17,9.02
2/26/2022 5:00,2/26/2022,5:00,8.23,0.16,0.4,13.7,25.3,1.45,29.07,0,121.02,9.23
2/26/2022 6:00,2/26/2022,6:00,8.24,0.14,0.4,24.1,25.1,1.46,28.99,0,120.69,9.52
2/26/2022 7:00,2/26/2022,7:00,8.24,0.23,0.4,13.5,24.9,1.46,28.93,0,120.45,9.7
2/26/2022 8:00,2/26/2022,8:00,8.28,0.08,0.4,13.6,24.8,1.45,28.9,0,120.35,8.48
2/26/2022 9:00,2/26/2022,9:00,8.24,0.04,0.4,13,24.9,1.3,28.85,0,120.13,7.5
2/26/2022 10:00,2/26/2022,10:00,8.25,0.07,0.4,13.9,25,1.28,28.8,0,119.94,7.47
2/26/2022 11:00,2/26/2022,11:00,8.25,0.05,0.4,13.6,25.4,1.29,28.73,0,119.63,7.67
2/26/2022 12:00,2/26/2022,12:00,8.29,0.03,0.4,13.8,25.8,1.36,28.7,0,119.51,8.52
2/26/2022 13:00,2/26/2022,13:00,8.29,0.03,0.4,13.8,26.3,1.32,28.71,0,119.54,9.06
2/26/2022 14:00,2/26/2022,14:00,8.29,0.02,0.4,13.5,26.9,1.31,28.75,0,119.7,9.72
2/26/2022 15:00,2/26/2022,15:00,8.27,0.03,0.4,13.8,27.3,1.34,28.76,0,119.78,9.63
2/26/2022 16:00,2/26/2022,16:00,8.28,0.04,0.4,13.8,27.5,1.38,28.81,0,119.98,9.33
2/26/2022 17:00,2/26/2022,17:00,8.28,0.11,0.4,14.2,27.5,1.44,28.82,0,119.99,8.87
2/26/2022 18:00,2/26/2022,18:00,8.29,0.09,0.4,14.1,27.5,1.49,28.9,0,120.35,8.83
2/26/2022 19:00,2/26/2022,19:00,8.29,0.12,0.4,14.3,27.3,1.49,28.91,0,120.37,8.41
2/26/2022 20:00,2/26/2022,20:00,8.29,0.19,0.4,14.4,27.2,1.44,28.92,0,120.43,7.92
2/26/2022 21:00,2/26/2022,21:00,8.29,0.12,0.4,14.3,27,1.45,28.93,0,120.45,8.11
2/26/2022 22:00,2/26/2022,22:00,8.3,0.11,0.4,14,26.7,1.42,28.92,0,120.42,8.43
2/26/2022 23:00,2/26/2022,23:00,8.3,0.16,0.4,14.4,26.5,1.42,28.89,0,120.29,8.96
2/27/2022 0:00,2/27/2022,0:00,8.3,0.13,0.4,14.4,26.3,1.44,28.87,0,120.19,9.66
2/27/2022 1:00,2/27/2022,1:00,8.31,0.16,0.4,14.5,26,1.42,28.85,0,120.13,9.52
2/27/2022 2:00,2/27/2022,2:00,8.31,0.18,0.4,14.6,25.8,1.41,28.83,0,120.04,9.92
2/27/2022 3:00,2/27/2022,3:00,8.31,0.22,0.4,14.5,25.6,1.43,28.81,0,119.96,10.33
2/27/2022 4:00,2/27/2022,4:00,8.31,0.23,0.4,14.6,25.4,1.42,28.77,0,119.79,10.06
2/27/2022 5:00,2/27/2022,5:00,8.32,0.25,0.4,15,25.2,1.41,28.74,0,119.69,9.87
2/27/2022 6:00,2/27/2022,6:00,8.32,0.22,0.4,14.5,25,1.44,28.7,0,119.53,9.8
2/27/2022 7:00,2/27/2022,7:00,8.32,0.09,0.4,14.4,24.9,1.44,28.66,0,119.36,9.68
2/27/2022 8:00,2/27/2022,8:00,8.33,0.11,0.4,14.4,24.8,1.43,28.63,0,119.23,9.33
2/27/2022 9:00,2/27/2022,9:00,8.32,0.04,0.4,14.7,24.9,1.41,28.59,0,119.06,8.95
2/27/2022 10:00,2/27/2022,10:00,8.35,0.05,0.4,14.5,24.9,1.33,28.58,0,119.01,8.73
2/27/2022 11:00,2/27/2022,11:00,8.34,0.06,0.4,14.8,25.1,1.31,28.55,0,118.91,8.96
2/27/2022 12:00,2/27/2022,12:00,8.32,0.05,0.4,14.7,25.2,1.25,28.53,0,118.81,9.24
2/27/2022 13:00,2/27/2022,13:00,8.31,0.04,0.4,14.5,25.5,1.35,28.51,0,118.74,9.58
2/27/2022 14:00,2/27/2022,14:00,8.35,0.02,0.4,14.8,25.8,1.37,28.48,0,118.6,10.07
2/27/2022 15:00,2/27/2022,15:00,8.34,0.02,0.4,14.8,26.3,1.33,28.52,0,118.76,10.08
2/27/2022 16:00,2/27/2022,16:00,8.34,0.03,0.4,14.7,26.6,1.37,28.53,0,118.81,10.13
2/27/2022 17:00,2/27/2022,17:00,8.34,0.04,0.4,14.4,26.8,1.39,28.52,0,118.79,10
2/27/2022 18:00,2/27/2022,18:00,8.34,0.06,0.4,14.5,26.9,1.44,28.57,0,118.97,9.87
2/27/2022 19:00,2/27/2022,19:00,8.35,0.08,0.4,14.6,26.8,1.47,28.59,0,119.05,10.04
2/27/2022 20:00,2/27/2022,20:00,8.35,0.08,0.4,14.6,26.7,1.5,28.6,0,119.11,10.11
2/27/2022 21:00,2/27/2022,21:00,8.35,0.14,0.4,14.2,26.6,1.52,28.61,0,119.16,10.29
2/27/2022 22:00,2/27/2022,22:00,8.35,0.17,0.4,14.5,26.4,1.53,28.61,0,119.16,10.33
2/27/2022 23:00,2/27/2022,23:00,8.35,0.14,0.4,14.7,26.2,1.53,28.59,0,119.06,10.27
